,word
user,15385
yg,2913
url,819
gak,713
ga,712
aja,657
kalo,512
si,444
lu,420
udah,377
dgn,346
lo,331
gua,298
tdk,277
gw,248
pilkada,247
jd,244
pki,235
pake,228
emang,226
tp,216
org,216
utk,215
dr,205
klo,197
sdh,178
dah,176
kaya,175
tuh,174
krn,172
kau,170
jg,168
dlm,152
dg,145
jgn,141
gitu,140
ni,136
aseng,132
mah,129
liat,123
bgt,120
sampe,119
nggak,119
dpr,117
sby,115
gk,115
hoax,114
kek,106
minta,106
lg,105
kpk,104
budha,104
d,104
ngomong,102
tu,101
udh,101
china,94
pengen,93
pd,89
bener,89
ngga,86
g,84
skrg,83
loe,83
swt,82
gini,82
karna,80
n,80
sm,78
spt,77
trus,76
gimana,75
kl,74
ama,74
temen,73
dki,71
tka,70
bs,66
pks,61
uu,61
bodo,61
brengsek,60
sy,60
lbh,58
la,58
nonton,58
sbg,57
ente,54
nkri,52
sma,52
pilpres,51
knp,50
msh,49
ngaku,49
bkn,48
hrs,48
ngapain,47
baduy,47
rp,47
kapir,46
pinter,45
cm,45
sd,43
tetep,43
dpt,43
ma,42
kpd,42
emg,42
w,42
bloon,41
mrk,41
blm,40
abis,40
hahaha,40
bangke,39
smp,39
orang2,38
nanya,38
cuman,38
segala,38
u,38
jkw,37
ttg,37
kaga,36
klu,36
cewe,36
ngerti,36
yah,36
asu,35
bpk,35
dongo,35
ntar,35
milih,34
keliatan,34
mikir,34
kyk,34
trs,34
ngatain,33
loh,33
tni,32
beneran,32
tpi,32
pdip,32
byk,32
disini,32
picek,32
quran,31
dapet,31
tki,31
gt,31
dikit,30
goblog,30
cowo,30
thn,30
ha,30
ngerasa,30
capres,30
adlh,30
pemkab,29
denger,29
ampe,29
mmg,29
smua,29
wong,29
so,29
dn,28
doi,28
s,28
diem,28
tgb,28
inget,28
mo,28
dll,28
kemaren,27
fpi,27
wkwkwk,27
drpd,26
ngakak,26
luh,26
eek,26
yaa,26
dri,26
m,26
jk,26
nyari,26
elo,26
blg,25
doyan,25
kntl,25
ko,25
jatim,25
pantes,24
jdi,24
tsb,24
ka,24
gatau,24
kapolri,24
cawapres,24
pura2,23
gmn,23
dm,23
lho,23
aq,23
tweet,23
faham,22
ngak,22
kagak,22
tae,22
yo,22
org2,22
hti,22
bnyk,22
indo,22
pk,22
dprd,22
ad,21
nunggu,21
gabisa,21
ketauan,21
ustadz,21
elu,21
bangsad,21
pemilu,21
masi,21
ngajak,21
kerana,21
ato,21
kasian,21
ade,20
lgi,20
da,20
ormas,20
y,20
katholik,20
uda,20
sumut,20
ngasih,19
ane,19
maho,19
you,19
eue,19
nyerang,19
negri,19
fans,19
parpol,19
tuk,19
mentri,19
hahahaha,19
nyapres,19
ngobrol,18
hp,18
jateng,18
gaada,18
ketawa,18
kudu,18
taik,18
aj,18
orba,18
sama2,18
adek,18
tv,18
duluan,18
bakalan,18
silahkan,18
kesel,18
males,18
ngentod,18
pengkhianat,17
bejad,17
maen,17
sebenernya,17
iq,17
pdhl,17
ak,17
bener2,17
suharto,17
bbm,17
enggak,17
disana,17
bbrp,17
belom,17
gausah,17
akn,16
krna,16
rame,16
ye,16
sya,16
sj,16
gara2,16
duh,16
cocok2,16
asik,16
pantesan,16
shalat,16
ngutang,16
nga,16
kirain,16
nyambung,16
or,16
aje,15
koar2,15
koq,15
bagi2,15
ngaji,15
ndak,15
mcm,15
deket,15
masing2,15
adl,15
asw,15
ny,15
ngeliat,15
de,15
pa,15
kasi,15
team,15
bumn,15
ttp,14
blh,14
kt,14
parti,14
dekalarasi,14
ktp,14
kerjaan,14
brp,14
ae,14
sempet,14
heh,14
paslon,14
dipake,14
skrng,14
vs,14
story,14
elit,14
nyebut,14
gamau,13
taun,13
wkwkwkwk,13
diatas,13
solat,13
smoga,13
dikatain,13
pansus,13
nangis,13
ui,13
sgt,13
polri,13
th,13
serem,13
block,13
jkt,13
dlu,13
dollar,13
ngomongin,13
bat,13
nulis,12
kerjasama,12
untk,12
mingkem,12
yaudah,12
dng,12
bhw,12
mikirin,12
manggil,12
dubes,12
psk,12
syariah,12
ngapa,12
import,12
cepet,12
wagub,12
engga,12
kebayang,12
apa2,12
apbn,12
temen2,12
mrka,12
sia,12
ummat,12
planga,12
mba,12
demen,12
bawa2,12
seneng,12
belain,12
capek,12
woy,12
ii,11
lha,11
sbb,11
nyuruh,11
macem,11
mpok,11
wowo,11
dh,11
cakep,11
nk,11
gtu,11
hmm,11
ehh,11
nich,11
donk,11
sperti,11
sekedar,11
insyaallah,11
ora,11
hehe,11
ngotot,11
bnyak,11
btw,11
aing,11
sblm,11
jln,11
keknya,11
zonk,11
suda,11
nambah,11
benar2,11
hny,11
ngurusin,11
wib,11
negara2,10
tl,10
hehehe,10
gada,10
idup,10
karo,10
pns,10
ok,10
halah,10
anak2,10
kmrn,10
ngurus,10
un,10
nampak,10
klau,10
mahluk,10
aktifis,10
pngen,10
slalu,10
manusia2,10
jomblo,10
wes,10
telor,10
yak,10
gapapa,10
cs,10
bhs,10
gpp,10
ngomongnya,10
aa,10
mainin,10
ajah,10
nemu,10
masukin,10
netizen,10
jga,10
noh,10
hati2,10
anjing2,9
diluar,9
ilang,9
yng,9
temennya,9
cie,9
stress,9
ngetwit,9
yaaa,9
ngopi,9
sholat,9
ngambil,9
ccd,9
sumatera,9
ujung2nya,9
alloh,9
dl,9
mna,9
pilgub,9
nyembah2,9
mpr,9
dengerin,9
ketum,9
pekok,9
mabok,9
mgkn,9
twit,9
sedulur,9
kn,9
wni,9
ig,9
mudah2an,9
q,9
scr,9
lgsg,9
debatfinalpilkadajkt,9
perppu,9
sono,9
hadeh,9
mensukseskan,9
ahy,9
bgst,9
ngocok,9
kata2,9
tiba2,9
wo,9
emangnya,9
maksa,9
malem,9
bg,9
rrc,9
pdi,9
thd,9
bilangin,9
pkl,9
jan,9
ruu,9
neh,9
wkwkw,9
iyaa,9
sosmed,9
kpu,9
bosen,8
disitu,8
muke,8
kamtibmas,8
nahan,8
gausa,8
perpres,8
koplak,8
ust,8
move,8
naek,8
nabung,8
bsa,8
gegara,8
ntah,8
ja,8
wapres,8
nyalahin,8
rasis,8
bales,8
sbnrnya,8
ilc,8
mimin,8
tlg,8
ngoceh,8
teman2,8
orng,8
jangan2,8
jadiin,8
pemprov,8
stlh,8
gub,8
smpai,8
gasuka,8
aamiin,8
ahh,8
terimakasih,8
dibelakang,8
hahahahaha,8
wae,8
cma,8
nyampe,8
lansung,8
klw,8
didepan,8
nasdem,8
mui,8
dongok,8
ninggalin,8
teriak2,8
lol,8
dkk,8
didalam,8
hub,8
survey,8
wn,8
bahawa,8
statement,8
medsos,8
ngakunya,8
ngikutin,7
dipenjara,7
penghianat,7
thdp,7
polsek,7
ktt,7
tida,7
brani,7
sekjen,7
pokonya,7
tlh,7
sll,7
nerima,7
haters,7
cool,7
prnh,7
bodat,7
sprti,7
ohh,7
hnya,7
hahahah,7
kmu,7
buktikan,7
rata2,7
fb,7
umroh,7
br,7
td,7
item,7
ijinkan,7
nyadar,7
pingin,7
kayanya,7
sukarno,7
ntu,7
kabeh,7
rmh,7
takkan,7
laen,7
akun2,7
pdhal,7
ud,7
berfikir,7
bedain,7
bisa2,7
rkyt,7
brisik,7
disaat,7
nyesel,7
knapa,7
pagi2,7
gatel,7
hal2,7
ngaca,7
gapernah,7
share,7
hkbp,7
laporin,7
sam,7
dirumah,7
sbgai,7
laki2,7
masy,7
emng,7
menko,7
ultah,7
mentang2,7
ape,7
skg,7
adzan,7
shah,7
merubah,7
cawagub,7
dateng,7
crita,7
moga,7
blom,7
ngasi,6
embel2,6
syg,6
jl,6
jilatin,6
anj,6
takde,6
ngamuk,6
wowok,6
istiqomah,6
kyak,6
msih,6
lbih,6
bhabinkamtibmas,6
hah,6
soleh,6
hadits,6
jngan,6
temenan,6
makasih,6
ana,6
netijen,6
issu,6
segitu,6
mgkin,6
president,6
pmii,6
ahhh,6
mjd,6
maap,6
10jt,6
hei,6
what,6
skr,6
ngan,6
sprt,6
exorcist,6
astaghfirullah,6
bijb,6
baik2,6
asn,6
pling,6
smpe,6
say,6
perduli,6
cagub,6
hbs,6
setau,6
padjajaran,6
sdg,6
sukmawati,6
dibawah,6
mosok,6
bet,6
pln,6
mnjadi,6
pastu,6
nyang,6
panwaslu,6
nganu,6
ngadepin,6
ank,6
biarin,6
cb,6
warnet,6
atheis,6
hrsnya,6
kec,6
ngurusi,6
dpp,6
nyindir,6
gkmau,6
sebetulnya,6
kyai,6
uud,6
polda,6
mendagri,6
mlh,6
nyebarin,6
resiko,6
pgn,6
nda,6
semalem,6
die,6
miras,6
numpang,6
lw,6
skrang,6
pan,6
msk,6
group,6
kira2,6
baper,6
wkt,6
ngebacot,5
kedepan,5
tanyain,5
korut,5
bertahun2,5
nyinyirin,5
sblmnya,5
tgl,5
liatin,5
imf,5
dibiarin,5
ewe,5
ngerokok,5
oiya,5
boss,5
isu2,5
ht,5
gwe,5
sk,5
nyembah,5
pnya,5
napa,5
brondong,5
cebonk,5
singapur,5
skak,5
dudukin,5
cino,5
hrus,5
qm,5
ajarin,5
mahu,5
kapolres,5
ind,5
ngetweet,5
awakmu,5
pen,5
kenceng,5
baguss,5
ngetik,5
nyatakan,5
with,5
thr,5
wc,5
pelan2,5
kya,5
ancur,5
hestek,5
berkerja,5
jauh2,5
praktek,5
dsr,5
iso,5
scra,5
walikota,5
nyet,5
pede,5
kelar,5
laa,5
ts,5
rasullah,5
kui,5
ihsg,5
poto,5
pjs,5
cara2,5
pke,5
rada,5
mkn,5
ortu,5
deketin,5
blbi,5
dkt,5
musti,5
bgtu,5
ntr,5
tdi,5
ena,5
dijadiin,5
ngancam,5
mentab,5
hm,5
pakdhe,5
unt,5
berjamaah,5
iki,5
program2,5
wkwkwkw,5
lahh,5
ap,5
bokap,5
krj,5
selfie,5
ngajar,5
chinese,5
search,5
ijin,5
gr,5
polres,5
ne,5
issue,5
sayangnya,5
urusin,5
malu2in,5
ngeh,5
tetiba,5
sok2an,5
ckp,5
bnr,5
pda,5
bantuin,5
betul2,5
dalem,5
brarti,5
kapolda,5
pkb,5
menag,5
waspadai,5
ksh,5
pelakor,5
gawe,5
nyebar,5
ngaco,5
bwt,5
nipu,5
bgmn,5
wow,5
mngkin,5
tgk,5
dibikin,5
telek,5
anjirr,5
jendral,5
ramadhan,5
bp,5
ngambek,5
quote,5
ngemut,5
diwilayah,5
itu2,5
ngibul,5
ngk,5
rasain,5
noo,5
ajg,4
form,4
melaks,4
macam2,4
dhe,4
tmbh,4
krl,4
cebong2,4
kost,4
followers,4
upload,4
sekolah2,4
pulak,4
opo,4
dp,4
hassan,4
bkan,4
cwek,4
ikut2an,4
ihh,4
tnpa,4
gst,4
kosan,4
buru2,4
belagak,4
otw,4
kotang,4
mall,4
sumsel,4
bem,4
trend,4
sorang,4
sorry,4
matanajwadebatjakarta,4
gangerti,4
pea,4
nganggep,4
mako,4
pr,4
ngmg,4
sarankan,4
ummi,4
univ,4
ijo,4
tlah,4
marah2,4
haduh,4
test,4
lama2,4
blum,4
tampol,4
lsm,4
movie,4
isa,4
kakean,4
cpns,4
khan,4
sah2,4
baru2,4
nabrak,4
gantiin,4
greja,4
bkin,4
tauk,4
sukmakumati,4
alhamdulilah,4
rijik,4
seorg,4
sampeyan,4
baek,4
btp,4
nnti,4
bcr,4
nitip,4
ngeluarin,4
trnyata,4
ttap,4
ahog,4
bae,4
jogja,4
rame2,4
jahatin,4
jwb,4
pst,4
diliat,4
ngelakuin,4
penah,4
cowonya,4
tikep,4
bru,4
bln,4
jt,4
bijimane,4
neg,4
weekend,4
jelas2,4
taon,4
ending,4
cacad,4
prnah,4
ngemeng,4
brimob,4
kepo,4
dpd,4
pakek,4
khatolik,4
dijalan,4
nilep,4
diam2,4
syp,4
hina2,4
sdah,4
nahdatul,4
piye,4
sp3,4
amrik,4
cemen,4
mood,4
bgi,4
mendingan,4
nye,4
gusdur,4
jugak,4
kai,4
ekjayati,4
nutup,4
sndri,4
cwe,4
noona,4
pru14,4
parlimen,4
ambik,4
petahana,4
yeu,4
hahaa,4
olh,4
mengikut,4
udeh,4
slh,4
hello,4
doank,4
yaampun,4
kpn,4
anjeng,4
iku,4
ngaruh,4
ps,4
antiterorisme,4
main2,4
ew,4
bayarin,4
bli,4
kliatan,4
balikin,4
smg,4
jatohnya,4
atlit,4
beye,4
samain,4
wna,4
blusukan,4
mn,4
pegi,4
g30s,4
ngeluh,4
nikmati,4
sumater,4
meikartagate,4
heleh,4
narik,4
maluin,4
recep,4
merk,4
sdgkan,4
etapi,4
cewenya,4
nntn,4
jgn2,4
ibukota,4
bntr,4
caleg,4
jokowiagain,4
jalan2,4
ngebelain,4
nyokap,4
ngikut,4
sllu,4
iyaaa,4
enak2,4
nuduh,4
simulut,4
2x,4
sebenar,4
bngt,4
sbmptn,4
jancok,4
ngebunuh,4
ss,4
timeline,4
dikolam,4
banser,4
priode,4
cina2,4
management,4
iklanahokjahat,4
segede,4
ikut2,4
mreka,4
ngegas,4
sodara,4
oprohingya,4
gwa,4
uing,4
ciri2,4
ngiler,4
nyerah,4
maennya,4
daruratpki,4
kelojotan,3
permesta,3
siap2,3
kentot,3
dy,3
kementrian,3
smkin,3
nunggak,3
ngene,3
anjg,3
pakcik,3
pengin,3
numpuk,3
kalok,3
yeuh,3
jngn,3
terfikir,3
segitunya,3
mensos,3
3x,3
reality,3
bell,3
ternyta,3
kayk,3
mv,3
nyepong,3
apasih,3
berjilid2,3
rapet,3
akhir2,3
dgr,3
keciduk,3
looo,3
tereak2,3
juve,3
lohhh,3
family,3
dimaki2,3
kamfret,3
megang,3
rs,3
bumdes,3
nemenin,3
dih,3
mslh,3
fui,3
silvi,3
wkwkwkwkwk,3
psti,3
ijp,3
dapetin,3
nyobain,3
foto2,3
ngajarkan,3
pri,3
ajh,3
menkumham,3
brand,3
seolah2,3
tempat2,3
munafiq,3
perlukan,3
macak,3
liat2,3
lagipula,3
cem,3
hr,3
kowe,3
suk,3
wilujeng,3
rese,3
gilak,3
gini2,3
fak,3
dede,3
gambar2,3
satu2nya,3
lbp,3
tukan,3
dipiara,3
rabbi,3
kyanya,3
ngejelekin,3
anakku,3
nobar,3
usa,3
sipitin,3
kedalam,3
ttd,3
katrok,3
ngerasain,3
bawak,3
sktr,3
maenan,3
lou,3
kenyataannya,3
gni,3
slma,3
skarang,3
kemenag,3
disisi,3
dikasi,3
diakuin,3
pisan,3
menagama,3
goa,3
ngentotin,3
5x,3
skalian,3
mao,3
lupain,3
jug,3
blng,3
pny,3
ngirim,3
nentuin,3
msyrkt,3
sebaik2nya,3
kemen,3
bole,3
perpu,3
nyetak,3
yai,3
slama,3
cewek2,3
lucu2an,3
tunjukkan,3
gn,3
smk,3
phk,3
dua2nya,3
setnov,3
ladenin,3
terorist,3
projo,3
bayangin,3
spy,3
ulangtahun,3
pn,3
pecinta,3
entar,3
feb,3
joinkalsel,3
warteg,3
orgnya,3
memperkosa,3
dsar,3
trilyun,3
hey,3
than,3
tenan,3
aktifitas,3
dmn,3
woii,3
twt,3
elah,3
letjen,3
fmi,3
naikin,3
satgas,3
pdtt,3
zhang,3
follower,3
dimainin,3
tw,3
junjunganya,3
aset2,3
bareng2,3
atw,3
ndeso,3
hsl,3
hri,3
professional,3
antri,3
gaboleh,3
nyiapin,3
ngono,3
sdri,3
gmbi,3
tlp,3
kukira,3
ngajakin,3
sgala,3
ati,3
bete,3
iyah,3
mapel,3
syetan,3
ngeliatin,3
katain,3
aza,3
mensyen,3
ngantri,3
atao,3
ridho,3
mention,3
antum,3
mnjdi,3
banyakin,3
pinter2,3
tiati,3
aya,3
lahhh,3
bobo,3
diliatin,3
saverohingya,3
tmn2,3
ngumpul,3
kalu,3
ines,3
kmren,3
nihh,3
usirdubesmyanmar,3
aileen,3
diputusin,3
dduk,3
fifa,3
cpt,3
tampa,3
ributin,3
kao,3
sampai2,3
slah,3
bersihin,3
eeh,3
ortunya,3
fwb,3
njing,3
diajarin,3
iye,3
mikirnya,3
pekaes,3
gangguin,3
ngarep,3
smpn,3
miara,3
bangat,3
ngeselin,3
dirut,3
bacain,3
issue2,3
style,3
awal2,3
stiap,3
nyasar,3
trhdp,3
pemda,3
mtq,3
masukkan,3
ayat2,3
jijay,3
copas,3
itung,3
bhkn,3
klompok,3
name,3
diingetin,3
pasutri,3
dikadalin,3
sampek,3
project,3
doain,3
sensi,3
temenku,3
dinegara,3
nti,3
tunjukan,3
sngat,3
huhu,3
yaallah,3
ayoo,3
waah,3
shame,3
dibilangin,3
apasi,3
gapunya,3
mayan,3
ftv,3
smakin,3
kebhinekaan,3
smbil,3
muito,3
monitoring,3
utangan,3
dimasa,3
brigpol,3
syriac,3
janji2,3
lb,3
kyknya,3
update,3
yh,3
sbagai,3
pade,3
asset,3
en,3
munas,3
uk,3
disodorin,3
dkung,3
cillik,3
ngalamin,3
nganggur,3
profile,3
gmni,3
timses,3
dimuka,3
palestin,3
ngajarin,3
mempercayai,3
ff,3
tmn,3
pndukung,3
bri,3
dst,3
nebar,3
binmas,3
kanit,3
professor,3
bacod,3
ngerusak,3
ngatur,3
soft,3
nie,3
kader2,3
teu,3
iyain,3
skolah,3
yakali,3
narsum,3
taek,3
dibeliin,3
muter,3
wk,3
croot,3
alesan,3
typical,3
ayok,3
ty,3
triak,3
teriakin,3
ngalahin,3
dinyinyirin,2
cmn,2
ngatur2,2
kesian,2
nyusup,2
kemana2,2
yee,2
tmpat,2
musuhin,2
buka2,2
nyemplung,2
kemendes,2
sihite,2
intine,2
maidah,2
ngepret,2
untuak,2
nusuk,2
wanita2,2
haq,2
woles,2
ngebom,2
segerombolan,2
semata2,2
bbual,2
adlah,2
senyum2,2
ngingetin,2
scara,2
diconfirm,2
kitab2,2
nh,2
delok,2
ipda,2
pesan2,2
oo,2
mase,2
nyambi,2
sodorin,2
gakuat,2
merespon,2
lau,2
savekpk,2
raiso,2
beurat,2
lahirin,2
gituan,2
majority,2
nyinyiran,2
macem2,2
tungu,2
ngebelai,2
bsk,2
bljr,2
celsi,2
ngantuk,2
keritis,2
moment,2
sebenarny,2
mengkonsumsi,2
beresin,2
typing,2
wakwaww,2
faridz,2
tytyd,2
enk,2
mengerjap,2
rlnya,2
thx,2
konkrit,2
dsni,2
tgg,2
labuhanbatu,2
linmas,2
refo,2
inces,2
uname,2
luu,2
hallo,2
last2,2
dipilpres,2
djan,2
yampun,2
mager,2
mayjen,2
fahaman,2
nelen,2
indonesian,2
philipina,2
ngide,2
budeg,2
masyrakat,2
prlu,2
baek2in,2
wahh,2
artis2,2
plis,2
qurban,2
dftr,2
kampreters,2
kambek,2
bni,2
menkominfo,2
klou,2
ngejilat,2
devisi,2
rasict,2
resikonya,2
ngembang,2
ekstrim,2
tydak,2
ngelola,2
sptnya,2
salam2tahun,2
download,2
hahahha,2
nyolot,2
nape,2
mantab,2
kuwi,2
ktanya,2
tililing,2
ginian,2
abal2,2
antek2,2
ngedukung,2
beb,2
treak,2
mamih,2
brniat,2
hari2,2
nawarin,2
ngelihat,2
ym,2
part3,2
konfrensi,2
dpc,2
separo,2
pemimpin2,2
pastika,2
hok,2
diem2,2
yes,2
blacklist,2
liatnya,2
jilboob,2
setiausaha,2
kebahagian,2
ditemuin,2
sebagi,2
ngorak,2
comment,2
arep,2
disakitin,2
jubir,2
film2,2
kaltim,2
seriusan,2
kearah,2
cawapresnya,2
klas,2
bubarin,2
konglomerat2,2
diteriakin,2
bocil,2
matalu,2
inkulturasim,2
angkot,2
diitung,2
keinget,2
kebnyakan,2
esdm,2
marahin,2
kgk,2
mntri,2
napadah,2
mash,2
nyaa,2
poskotanews,2
habaib,2
sehat2,2
pastiin,2
lobby,2
ditahun,2
komment,2
dua2,2
amatin,2
spti,2
adek2,2
ngehina,2
toketnya,2
hebohin,2
kmana,2
palestine,2
ciee,2
ponpes,2
knl,2
tido,2
bersebrangan,2
gabut,2
manggilnya,2
semuah,2
bae2,2
slm,2
mlai,2
lom,2
tujuan2,2
kwalitas,2
salh,2
ustd,2
seizin,2
woww,2
dapil,2
kmbali,2
sndr,2
ngayal,2
syeikh,2
3jari,2
snge,2
ngeluhnya,2
tyap,2
ahoax,2
umaro,2
tionghwa,2
ngerawat,2
umaroh,2
dehhh,2
kader2nya,2
bdk,2
mbuat,2
ditepi,2
rapist,2
dilepasin,2
gi,2
ridhoi,2
bk,2
gbr,2
cemilan,2
jgnlah,2
gemes,2
nusuk2,2
slsaikan,2
telen,2
beribadat,2
tipu2,2
lemes,2
komunies,2
belagu,2
special,2
bknnya,2
adik2,2
ohhhh,2
baa,2
icmi,2
wakakakak,2
kreatifitas,2
bangett,2
krja,2
belio,2
kofar,2
rakercabsus,2
aplot,2
kresten,2
tanye,2
kemendagri,2
ektp,2
sape,2
prri,2
tgh,2
socmed,2
eps,2
ws,2
tmii,2
nyoba,2
cemilannya,2
slim,2
naksir,2
bucin,2
kren,2
ajalah,2
incumben,2
subeye,2
kerena,2
itungan,2
dbuat,2
guwe,2
walpri,2
mohammad,2
instastory,2
sbgi,2
iyak,2
membikin,2
mnta,2
follback,2
victim,2
nyebarkan,2
njeng,2
nyolong,2
kebon,2
kiteorg,2
gabener,2
lgs,2
kwetiauw,2
woey,2
kmna,2
ewean,2
kepilih,2
prodi,2
ahokers,2
uke,2
tahunya,2
telpon,2
sendernya,2
gx,2
tdklah,2
cuap2,2
bekerjasama,2
naikkan,2
ngelayanin,2
ketara,2
pimen,2
ptkin,2
shg,2
kputusan,2
mndukung,2
tkp,2
perindo,2
dijaman,2
fifis,2
p3r3q,2
timteng,2
gajelas,2
bc,2
dibales,2
inshaa,2
nyontek,2
salahin,2
trimakasih,2
penghutangan,2
gd,2
imip,2
retwet,2
heli,2
tanjungpinang,2
kepri,2
g3nkbenkz,2
sebelom,2
di3nth0t,2
mecin,2
ketipu,2
sngt,2
nyariin,2
yekan,2
nyantol,2
perzinahan,2
jowo,2
barangsiapa,2
bathin,2
ceritain,2
pkh,2
rw,2
ommakarom,2
cuapcuap,2
anjer,2
gkj,2
sjk,2
harga2,2
skdr,2
pgi,2
cuy,2
hafidz,2
uyghur,2
stupid,2
kotak2,2
nyelamatin,2
sikon,2
menaikan,2
nyir,2
ngebayangin,2
abisan,2
mens,2
thok,2
twitteran,2
yth,2
ingt,2
system,2
ikutin,2
iupk,2
cebon,2
bhasil,2
mjadi,2
shone,2
nam,2
sebahagian,2
peranin,2
memkasakan,2
pantasan,2
gag,2
gaa,2
memengusir,2
tumbangkanjokowiradikal,2
aarman,2
dilaporin,2
geng2,2
nyoh,2
wibu,2
cawgub,2
sistem2,2
melu,2
teros,2
fadlizon,2
hadehh,2
trlibat,2
kultwit,2
tangkep,2
tdl,2
sbuah,2
stafsus,2
dtg,2
pngn,2
bagus2,2
kam,2
ngisep,2
gc,2
abd,2
slamet,2
nempel,2
akeh,2
harini,2
tkut,2
kerumah,2
merong2,2
ojo,2
andreopa,2
bhineka,2
gratisan,2
mprs,2
kata2in,2
huahahaha,2
diera,2
loker,2
dibucinin,2
jenenge,2
telponan,2
sidak,2
smuanya,2
maaih,2
wagubnya,2
maz,2
pelidung,2
hehee,2
ojol,2
salahguna,2
ditjen,2
most,2
wkwkwkwkw,2
sakit2,2
ulama2,2
inilh,2
ujug2,2
maa,2
jkwi,2
sbelom,2
murtadz,2
nginjak,2
bntu,2
pansos,2
30rb,2
gafatar,2
eman2,2
mburuh,2
penasehat,2
prov,2
lagu2,2
morat,2
setakat,2
sayah,2
ylbhi,2
benerin,2
disatuin,2
jamannya,2
undang2,2
sellernya,2
kebanyakn,2
kleb,2
aktivitasjokowi,2
jeplak,2
vau,2
tau2,2
tulisan2,2
gabakalan,2
kmn,2
ngira,2
dihalaman,2
lain2,2
jgnkan,2
mostly,2
harg,2
hargain,2
sekolahin,2
nyangkut,2
beliin,2
saranin,2
blajar,2
ewek,2
huhuhuhu,2
gg,2
ngebantai,2
artix,2
bgsa,2
nyumbang,2
dehh,2
okeh,2
insyaa,2
gosah,2
cba,2
menunjukan,2
apbd,2
khatab,2
kata2nya,2
pinteran,2
hayu,2
keselek,2
thats,2
dimana2,2
tibatiba,2
niiih,2
ngangkat,2
mabar,2
mrupakan,2
hadist,2
bilion,2
saveustadalfian,2
iq200,2
lepastu,2
didunia,2
qabul,2
mncuat,2
masalh,2
adain,2
cepet2,2
agama2,2
tmmd,2
beauty,2
banding2in,2
stelah,2
syuro,2
syaitanir,2
sgla,2
nggo,2
endingnya,2
hehehehehe,2
3some,2
pui,2
bpjs,2
ngerayu,2
ketuker,2
ngerem,2
birds,2
mantabkan,2
disruduk,2
ngemis,2
tweetnya,2
yaaaa,2
sbgm,2
bp3tki,2
mbs,2
kk,2
menjukkan,2
mabes,2
ahahahaha,2
gaje,2
bapak2,2
saudara2,2
unbk,2
kab,2
beritain,2
ngejar,2
tul,2
brbagai,2
saiki,2
pu,2
sepakbola,2
resident,2
laper,2
longrep,2
mca,2
dibangga2kan,2
wefie,2
bner,2
bhn,2
luth,2
trjd,2
beraktifitas,2
imejin,2
kebusukab,2
klhk,2
itb,2
gamungkin,2
bj,2
nasomalisdan,2
dipimpinulama,2
pembrontakan,2
kebawah,2
mkin,2
jag,2
infrastrutur,2
puser,2
2thn,2
brooh,2
yeah,2
ngadain,2
tayyib,2
sihhh,2
perda,2
adala,2
rangorang,2
minjam,2
bkalan,2
merka,2
denga,2
seprti,2
nyapa,2
gapake,2
hdmy,2
hehehehe,2
edvan,2
iiih,2
signal,2
tdak,2
penghiyanat,2
matane,2
tetang,2
invest,2
faker,2
telantarkan,2
nikmatin,2
geus,2
ngamuk2,2
caper,2
fesbuk,2
kls,2
aksi299,2
ngahok,2
ustad2,2
mnrt,2
nanyain,2
homok,2
sebel,2
kayaa,2
pemerinth,2
ngaku2,2
kepeleset,2
morfotin,2
kmn2,2
sbelum,2
jeblosin,2
bnpt,2
rumah2,2
takda,2
terang2an,2
kaka,2
provider,2
why,2
kjadian,2
pegimana,2
disiapin,2
ngumpulin,2
isengin,2
huehue,2
dont,2
syafie,2
nyebur,2
frepot,2
bikinin,2
cr7,2
wor,2
pendemo,2
rsj,2
sakitnya,2
dinegeri,2
wooy,2
ribut2,2
hut,2
ho,2
tanda2,2
dog,2
luarbiasa,2
ngelap,2
bininya,2
syamsudin,2
meriksa,2
lh,2
alm,2
salute,2
menghimbau,2
dinihari,2
syukaa,2
mmbunuh,2
kebongkar,2
cabe2an,2
nyakitin,2
beratus2,2
muja2,2
promote,2
menampakan,2
anying,2
kandangin,2
ttng,2
mahluq,2
mayorita,2
king,2
ngimpor,2
mantep,2
insha,2
cri,2
takleh,2
striker,2
komplek,2
ancen,2
grombolan,2
hahah,2
pulangin,2
berita2,2
yell,2
nobel,2
bruakakakak,2
teruss,2
nyeritain,2
tps,2
sahabat2,2
dimarahin,2
memperdulikan,2
ngrusak,2
nationalist,2
nsfw,2
mojok,2
nyebutin,2
susy,2
porn,2
ahoak,2
razim,2
gmw,2
product,2
jgk,2
mai,2
ngerajut,2
vinyl,2
cita2,2
norma2,2
nyatain,2
banyak2,2
tutupin,2
hdp,2
mangkanye,2
sekenario,2
hedon,2
samperin,2
ngr,2
dipagi,2
kemane,2
hasanuddin,2
minjem,2
sbnernya,2
opm,2
tayyip,2
singapore,2
cabut,2
forkopimda,2
dibenerin,2
cobak,2
digunakn,2
buanyak,2
sudh,2
wil,2
smkn,2
dharma,2
spesis,2
ayopenjarakan,2
jmn,2
doeloe,2
lewatkan,2
rakyatbersamafpi,2
ngukur,2
rame2nya,2
voucher,2
asymetric,2
plng,2
ipk,2
kepelbagaian,2
alumi,2
ustadz2,2
bappenas,2
densus,2
horang,2
ceced,2
menarapkan,2
lum,2
percya,2
dikit2,2
skl,2
kluarga,2
aman2,2
sangek,2
bisa2nya,2
wainna,2
moga2,2
nangkep,2
bong200,2
fikir,2
surg,2
emank,2
sdn,2
ngegodain,2
abs,2
nyusul,2
wkwkkw,2
diawal,2
ditawarin,2
drakor,2
bangt,2
abisnya,2
kenapaa,2
sektor2,2
ngata2in,2
nantangin,2
maksutnya,2
ehhh,2
ugh,2
mata2,2
rapopo,2
mlah,2
netes,2
diciumin,2
braninya,2
dimanjain,2
mati2an,2
petamina,2
hayang,2
bayk,2
segampang,2
vidkep,2
kpop,2
mls,2
ada2,2
yab,2
ndewek,2
bertaubat,2
mcd,2
wktu,2
bakar2,2
mohd,2
jakartabanjir,2
haiii,2
fp,2
leh,2
tengah2,2
smga,2
ngedorong,2
maling2,2
jilat2,2
yangmembuat,2
hapal,2
gan,2
tili,2
pink,2
smpek,2
wlpun,2
malem2,2
maw,2
pemkot,2
uin,2
suru,2
otaknye,2
unnie,2
isyu,2
maafin,2
nongton,2
uas,2
2periode,2
typo,2
ituuu,2
p3r3k,2
sebanyak2,2
hastagnya,2
keuna,2
2019ganti,2
ngerugiin,2
gituin,2
byak,2
ngutangi,2
gesekin,2
mereun,2
stuju,2
biadap,2
teman2nya,2
g30spki,2
lambemu,2
ahlussunah,2
bingit,2
public,2
nilai2,2
brita,2
sihh,2
lp,2
rohinya,2
kumunis,2
parte,2
kerjaanya,2
dipindahin,2
orthodox,2
promosiin,2
dsb,2
hahhaa,2
dirjen,2
azhan,2
gemesin,2
yuta,2
prd,2
capresnya,2
baperan,2
ngregani,2
ea,2
sebutin,2
pemain2,2
nate,2
meikerta,2
hape,2
kite,2
oalah,2
lanjutin,2
suudzon,2
iluni,2
diijinkan,2
bulet,2
nang,2
selesaiin,2
nyamber,2
nyamar,2
wilayah2,2
wkwkkwkw,2
trima,2
mengcounter,2
pemaen,2
lapas,2
jele,2
huft,2
ketawa2,2
wilyah,2
ditutupin,2
mantaf,2
ketawain,2
napada,2
ahokpastitumbang,2
asuuu,2
jelek2in,2
dibayarin,2
ngancurin,2
dibui,2
mekkah,2
ngadalin,2
dpat,2
ktemu,2
pengennya,2
klian,2
demo2,2
orderan,2
ri1,2
gede2,2
watasiyat,2
seokjin,2
cowok2,2
genk,2
kirimin,2
ngadu,2
ahir,2
kejang2,2
besar2an,2
melihara,2
diusilin,2
ngerep,2
nnton,2
betui,2
rockygering,2
nyundul,2
mas2,2
nama2,2
kluar,2
habisin,2
universiti,2
cuih,2
zuzu,2
ngimpi,2
sgl,2
ndek,2
idung,2
kog,2
ngerti2,2
dngan,2
maksain,2
quda,2
haih,2
terhdap,2
jad,2
shi,2
since,2
hahahahahah,2
qizi,2
hobby,2
bapernya,2
ndiri,2
balesnya,2
monmaap,2
zapi,2
dilakuin,2
trnyta,2
gapaham,2
indones,2
penggallah,2
mknya,2
syaiton,2
plh,2
koriya,2
janga,2
songo,2
tivi,2
berantem,2
dikasus,2
hahhaha,2
oii,2
bumil,2
kemon,2
akusisi,2
iyo,2
nyimak,2
ummatnha,2
siapepun,2
inggrid,2
jelasin,2
jabatan2,2
sesu,2
gakan,2
yme,2
verif,2
junjunannya,1
biangnya,1
matanajwa,1
tidack,1
berbie,1
bosnyo,1
punyo,1
manager,1
dananyo,1
anshor,1
nyo,1
protestant,1
ngehamilin,1
gaptek,1
koreautara,1
aki2,1
mengolok2,1
apa2an,1
kamseupay,1
taonan,1
ngelakui,1
katanya2,1
folky,1
buah2an,1
mboten,1
mbaknyah,1
countrynya,1
kfc,1
napsu,1
dibriefing,1
nuker,1
samo,1
jenis2,1
idak,1
ads,1
kaliiii,1
ndk,1
praun,1
tayup,1
utak,1
heloo,1
skian,1
anjay,1
apk,1
volunteerism,1
biruadanya,1
geraja,1
besarr,1
huhh,1
nyri,1
its,1
delici,1
dmai,1
prsaudaraan,1
perio,1
very,1
wahhabi,1
udelnya,1
terkaga,1
gt2,1
pict,1
ngetren,1
gamonin,1
kdg,1
t4,1
besok2nya,1
myamar,1
berlomba2,1
diterapin,1
comando,1
backingin,1
kekutan,1
dimasukkin,1
sangad,1
mnuju,1
ngledekin,1
koplok,1
palabuhanratu,1
loloas,1
matlamat,1
tngok,1
yagimanasih,1
bile,1
bukanbukan,1
salken,1
ibulagi,1
knape,1
mnjaga,1
pulng,1
menyama2,1
homan,1
niqmat,1
manjain,1
benar2dpt,1
ulangtaun,1
rb,1
mine,1
italy,1
nasihatkan,1
nati,1
memerhati,1
darimana,1
pergaduhan2,1
niy,1
wkkww,1
kuy,1
ite,1
nyempil,1
diclaim,1
kpoper,1
geogle,1
makane,1
mmng,1
geruduk,1
sminimal,1
fyi,1
mengelu2kan,1
mnang,1
nggih,1
robet,1
validnya,1
aplg,1
smpurna,1
tercatit,1
mangku,1
filem,1
hadeuuh,1
dukungsidangistimewampr,1
gamasuk,1
brtopeng,1
sholeh,1
fotoin,1
pembawah,1
refrensi,1
jelekkan,1
mnggiring,1
dprtmbngk,1
kwalitasnya,1
drobah,1
tambsh,1
tankap2,1
sotipu,1
pendungaun,1
uthman,1
nyalahain,1
iy,1
ucapakan,1
leyeh2,1
kukasih,1
lecehin,1
durung,1
sbnrny,1
ilmu2,1
hoo,1
nawar2in,1
ping,1
dibutuhkn,1
husnuzon,1
jebolin,1
dimampusin,1
makanin,1
aadren,1
sambangi,1
udab,1
ech,1
bpi,1
extrovert,1
nungging,1
seinget,1
makananya,1
samsek,1
senyam,1
jokow,1
smntra,1
lohh,1
benr2,1
daritadi,1
antekny,1
ceburin,1
kolojengking,1
indonesiaa,1
diketekin,1
ngebodohin,1
mataq,1
pqdahal,1
usual,1
korups,1
aliby,1
gamon,1
memuji2,1
gelik,1
ngocokin,1
samakn,1
elusin,1
stile,1
kita2,1
boleh2,1
hd,1
secuity,1
pntas,1
hak2,1
supporternya,1
kakakakakka,1
statementny,1
gaweanne,1
budak2nya,1
ssham,1
nyemburin,1
bnyakn,1
cume,1
suke,1
senengnye,1
goollnya,1
tingkalakunya,1
pedulirohingya,1
angeus,1
moal,1
tinto,1
frefoort,1
pmrnth,1
mengkoreksi,1
dijidat,1
ulang2,1
rumours,1
kaplingan,1
senyumin,1
mid,1
eii,1
gelo,1
lawr,1
efec,1
gile,1
eeq,1
alhamd,1
engcer,1
dibunderi,1
nyaleg,1
tidurin,1
ee,1
sikribo,1
fizik,1
polsis,1
addmath,1
khattan,1
betoll,1
iyup,1
poll,1
nyelonong,1
nyebari,1
suju,1
hatespeech,1
ditenggelamin,1
allohu,1
datangin,1
pertanyaanya,1
peluk2,1
asaan,1
ngembalikan,1
ungguli,1
nerawang,1
massya,1
may,1
tionghua,1
kpada,1
bberapa,1
nyetop,1
kemenagama,1
35t,1
kandaq,1
iyamas,1
mempublikasikan,1
mentranslate,1
nasihatin,1
ngritik,1
dirohingnya,1
ceplas,1
isaach,1
nyesal,1
gmbr,1
ingetin,1
fasiq,1
nyungseb,1
aneuk,1
terimakasi,1
pastin,1
ngibadah,1
karenaa,1
mahluk2,1
die2,1
pernghargaan,1
kasib,1
jngnkan,1
kotoreu,1
kepda,1
panpel,1
donal,1
konfrontir,1
nangis2,1
pentadbiran,1
halamanya,1
sebrang,1
tapir2in,1
welkam,1
semntara,1
diperes,1
mngadu,1
capeq,1
salamu,1
wew,1
awakarin,1
imbasny,1
sorre,1
sekarg,1
ihlas,1
burem,1
twip,1
pkskhawatir,1
keperpihakan,1
pilitiknya,1
ramenya,1
keatas,1
kojowi,1
menyejukan,1
shalatu,1
pwnu,1
milih2,1
going,1
umptn,1
pintar2,1
nongolnya,1
ahox,1
bege,1
tawain,1
ngetawain,1
diporakporandakan,1
kedengeran,1
nakal2an,1
9th,1
sultans,1
1st,1
10th,1
b4,1
twiy,1
tercyduc,1
seinci,1
alqt,1
gaabis,1
tapitapi,1
perpes,1
murdani,1
organisasimahasiswa,1
masio,1
snack,1
ketengangan,1
allahuakhbar,1
kujual,1
hpnya,1
micingin,1
beraqidah,1
ujung2,1
daruratdemokrasi,1
ksana,1
rerata,1
ckckck,1
sklinya,1
1jt,1
tewaskan,1
muallaf,1
antoncharliyan,1
mck,1
smpah,1
ngetok,1
ketok2,1
unamenya,1
haqiqi,1
mukernas,1
akhi,1
manjangin,1
samaaaa,1
ditanggapin,1
mbaku,1
kelolah,1
siape,1
albanna,1
ndusel2,1
detik2terahir,1
jadicuriga,1
bahkn,1
manapn,1
cept,1
middle,1
pabila,1
ootd,1
unm,1
beriya2,1
minggon,1
eifell,1
rausa,1
gak2,1
naufalyn,1
sulteng,1
moen,1
mahmuda,1
hukim,1
wapresnye,1
secepetnya,1
nanggapin,1
ahahah,1
ahelah,1
trlebih,1
drtd,1
thanks,1
menola,1
sepeti,1
deskriminasi,1
keinjek,1
kbr,1
ebonger,1
penganiyayaan,1
kajus,1
prustasi,1
yeh,1
media2,1
kih,1
nampar,1
lingserwengi,1
pmi,1
problem2,1
dipasangan,1
menjudge,1
kadangkadang,1
getoo,1
perbaikin,1
brengseknya,1
mantan2nya,1
crta,1
hahahahahaa,1
honestly,1
bukhan,1
ngajak2,1
kaw,1
mempergunaakan,1
kmrn2,1
tmpt,1
gairqh,1
obos,1
mtan,1
pls,1
jolowi,1
mahal2,1
ngeprint,1
brewokan,1
sajah,1
kapolsek,1
ketulang,1
sakaw,1
ayyub,1
misqueen,1
sman,1
mensesneg,1
pcran,1
ktnya,1
sambunvan,1
ngelatur,1
hetset,1
diperkampungan,1
kafr,1
mengkelola,1
indonsia,1
berkesinabungan,1
eds,1
jumaat,1
rmai,1
gla,1
buktik,1
meledakan,1
dzikir,1
cageur,1
pendikan,1
lhoo,1
utuk,1
mtmu,1
ambis,1
gaenak,1
abaq,1
omelan,1
sheikh,1
ktawa2,1
nyela,1
dilayanin,1
oprasi,1
jsntung,1
donkz,1
pinjem,1
ditaktor,1
ngomonv,1
meneh,1
wkwkwkwkwkw,1
perang2nya,1
nyetriming,1
brandnya,1
forikan,1
blang,1
itali,1
blkg,1
ub,1
kiraa,1
klok,1
setauku,1
yahh,1
pulau2,1
melaksakan,1
protek,1
muslimmepersekusi,1
trhadap,1
pemprovsu,1
asing2,1
takpayah,1
bahanakan,1
mempraktekannya,1
sukubangsa,1
zhong,1
mkna,1
pasnasbung,1
alywafa,1
ditreskrimum,1
industi,1
tghh,1
begok,1
yakini,1
syarat2,1
imagine,1
cekcih,1
sayyid,1
rata2nya,1
oseng,1
sik,1
ayamorr,1
tepelongo,1
eventnya,1
buat2,1
bahwasannya,1
win,1
mentiagakan,1
uncle,1
palimg,1
lwat,1
ngelawak,1
neehh,1
bukan2,1
bilng,1
sampaen,1
rokaat,1
katakita,1
sekarepmu,1
oppa2,1
tenpat2,1
menggap,1
ngecam,1
seprt,1
yaaah,1
naon,1
ngintipin,1
serching,1
quota,1
vasti,1
jamangah,1
nepu,1
sm2,1
mentil2,1
mnet,1
pd2,1
mesopotamian,1
mortgage,1
sistemik,1
mempersoal,1
pseduo,1
ndagel,1
arulin,1
oon,1
tigebelas,1
udahlah,1
pelajaran2,1
smanya,1
kegaduan,1
spemkiirannya,1
komporin,1
wksk,1
selebih,1
nyaingin,1
kepseknya,1
indonya,1
yut,1
wakaka,1
industry,1
nop,1
pecatketuadpr,1
dikantor,1
citanya,1
campus,1
overjudgement,1
dmi,1
pre,1
mubaligh,1
wei,1
rrt,1
rka,1
sabi,1
mnakah,1
kebnykkan,1
keteribata,1
fitneh,1
panggilanya,1
waji,1
alfathih,1
melampau2,1
social,1
meminta2,1
institusi2,1
melwati,1
imperialism,1
smntara,1
jokowii,1
ngehargain,1
konsekwensi,1
masang,1
berfikirnya,1
produktifitas,1
alesanya,1
bersukur,1
segra,1
ciribkhas,1
meki,1
relah,1
35ribu,1
folower,1
ternyate,1
mmbntuk,1
spsi,1
mohabbatein305,1
inibaruindonesia,1
bijakberpendapat,1
munaslub,1
jombi,1
suara2,1
pkk,1
chatan,1
ngocol,1
ngomongmu,1
takot,1
kroni2nya,1
kewangan,1
desa2,1
infodesaku,1
benc,1
diperlakuin,1
tkg,1
dsrnya,1
mnusia,1
thyroid,1
engk,1
prtama,1
irrational,1
7oko,1
6ambang,1
5oekarno,1
4bdurrahman,1
beritasatu,1
brosing,1
omdo,1
kemudahaan,1
hmi,1
ambisitercapai,1
usirchina,1
rutan,1
ngin,1
anak2nya,1
nextnya,1
masalalu,1
kisah2,1
80kg,1
omg,1
bergiziah,1
bps,1
kordinator,1
orangtuanya,1
kasihtau,1
goblok2,1
yangg,1
responden2,1
bicarain,1
komnasham,1
kemendikbud,1
mengantrakan,1
blatung,1
kropos,1
menkes,1
behavioralistik,1
gerakin,1
mrkapun,1
jogya,1
impressions,1
sianu,1
systeamnya,1
kmbng,1
kubacanya,1
bsrta,1
sekolahku,1
klwr,1
pengidola,1
sbnr,1
emabel,1
nunjukin,1
sabr,1
jksel,1
medeka,1
boking,1
cwo,1
pemghuni,1
kemuncylannya,1
gacuma,1
disam,1
sept,1
jongos2,1
kbnykn,1
ngakuin,1
mnerpa,1
rawamamgun,1
junjunanmu,1
terbnya,1
israil,1
nyesek,1
pdahal,1
nyerocos,1
knpsih,1
tandatangani,1
goodbener,1
ptut,1
terangkanpon,1
shalih,1
semwa,1
smstan,1
des,1
anterin,1
gantengs,1
ingguk,1
ustot,1
disiramin,1
ish,1
rabb,1
sprtinya,1
belomm,1
dipulangin,1
lebaga,1
scarjo,1
tex,1
nahdlyin,1
grepe,1
semnjak,1
mlm,1
homor,1
namannya,1
sadarin,1
hahahhahahahahahahahahahaha,1
reforma,1
azu,1
eyo,1
university,1
cecunguk2nya,1
eonnie,1
gtw,1
kadis,1
balaikota,1
kapolrinya,1
agunh,1
koplaks,1
budhaisme,1
tee,1
bsr,1
unbranded,1
branded,1
keminter,1
pembagunan,1
lagi2,1
mulya,1
diamlo,1
gaberani,1
relain,1
muji2,1
heula,1
rudet,1
agnostic,1
theist,1
telp,1
memeberikan,1
gakmau,1
transakdional,1
dipeluhara,1
nenggolan,1
breakingnewssektorriil,1
kebohongan2,1
dtik,1
dylan,1
nyiapkan,1
bondo,1
mnt,1
berpunca,1
ngentat,1
disolo,1
mbrot,1
belun,1
masu,1
cino2,1
allahummagfirli,1
trsbt,1
pokoe,1
1kg,1
seharus,1
zmn,1
betull,1
kalaupribumi,1
betullah,1
kualiti,1
renovate,1
kleaan,1
pegel,1
tbtb,1
nambahi,1
ihhh,1
ngerepotin,1
20menit,1
kehid,1
ukm,1
saah,1
membukat,1
mudah2n,1
basah2,1
ber2,1
tampang2,1
bosq,1
mempolisikan,1
disuatu,1
specifik,1
jimput,1
pmk,1
hianati,1
choper,1
ajib,1
tep,1
ngabilin,1
bgni,1
orangtuaku,1
aplgie,1
dbhas,1
pmrintah,1
extra,1
kemanusian,1
pngebetnya,1
nyebelin,1
mambiadabkan,1
partaiparno,1
maba,1
logik,1
diemin,1
sepoy2,1
expresinya,1
puter,1
scren,1
4minute,1
pematangaiantar,1
kes2pembubaran,1
pikirin,1
lge,1
yalord,1
jlatin,1
sni,1
komplen,1
ngelus2,1
mustahal,1
dmna,1
aksi313jokowitakutlengser,1
thaa,1
akhinya,1
linimasa,1
hdi,1
aduhh,1
jiancok,1
cramah,1
repdem,1
pospera,1
nitipin,1
ngena,1
bangsag,1
asutolol,1
bangdat,1
takuut,1
ngangkangin,1
mnjadikn,1
apakabar,1
kringat,1
hoaz,1
pengerusi,1
texted,1
roll,1
breathe,1
yahudilik,1
managernyapun,1
sadiwara,1
wajahx,1
muasin,1
rapimnas,1
stagan,1
debatfinaldki,1
ngalah2in,1
mimpin,1
sjak,1
editing,1
adalnya,1
bibib,1
mongomong,1
mengajari,1
bearti,1
begenean,1
ospek,1
pascapembangunan,1
tydac,1
dimarain,1
kemenpan,1
ngedown,1
peruaahaan,1
tnah,1
peciptaan,1
nuduh2,1
cakep2,1
syaa,1
ngepatenin,1
mateni,1
terprepare,1
rejekine,1
trash,1
taikers,1
jadinyaa,1
mea,1
whats,1
wagelaseh,1
kpan,1
seberapapun,1
voters,1
naboki,1
fikirkan,1
kmall,1
moodbooster,1
doublefuck,1
debad,1
maxx,1
kuliaham,1
thampines,1
dumay,1
diritwit,1
petromax,1
sihat,1
lebi,1
musli,1
ninggalkan,1
masadepaan,1
sallam,1
shallallaahu,1
ahlu,1
mwmbenarkan,1
dalil2,1
didaerah2,1
nnyatanya,1
kelangan,1
goublog,1
hahaahhaha,1
rasanonosak,1
septictank,1
inflas,1
pkrannya,1
byr,1
namax,1
mmpu,1
panggil2,1
dipasangin,1
1t,1
30m,1
kepentingan2,1
hitung2an,1
diinjek,1
trmsuk,1
pngikut,1
mnyimpang,1
jebole,1
modarmu,1
hoak,1
pencapain,1
tomy,1
vincesius,1
perkerja,1
nelpon,1
kemendikbudnya,1
iseas,1
lagiii,1
teraflisiasi,1
staguf,1
dunno,1
tateh,1
polhukam,1
gaiza,1
wazhab,1
molo,1
while,1
dibercandain,1
musuhen,1
itumah,1
aviaa,1
ngebatalin,1
sallary,1
pileg,1
temannyarpg,1
ijasah,1
moden,1
mmbawa,1
kuatkuasakan,1
atarturk,1
mnyebabkn,1
krjaan,1
following,1
ngebandingin,1
hebahan,1
napasih,1
selegkahan,1
abritase,1
mercy,1
berhbgan,1
ndan,1
khongfutze,1
ndang,1
dicodein,1
ngecodein,1
amsyong,1
wajar2,1
ajaa,1
kalemm,1
yuh,1
bingits,1
nmun,1
faktany,1
iih,1
walikotanya,1
ngelancarin,1
dwelling,1
ajadeh,1
kabarin,1
ditanda,1
oge,1
kslian,1
makmak,1
syiah2ahkan,1
pyjamas,1
striped,1
nyimpan,1
kalobaan,1
dperhatikan,1
mahmudah,1
ndower,1
ajusshi,1
uwu,1
kmnko,1
beepegang,1
berpa,1
slesai,1
mrumuska,1
mmperingati,1
brtemu,1
kecink,1
wis,1
poligamy,1
radenmas,1
tutupi,1
dilike,1
mskpun,1
setyanovanto,1
kemarinn,1
berharab,1
mencalon,1
neria,1
emaka,1
brbeda,1
gr2,1
sia2,1
belgium,1
diberhentiin,1
cedak,1
nangdi,1
ndesomu,1
diungkit2,1
kristian,1
habis2,1
paan,1
seja,1
mudika,1
mommy,1
blsin,1
perikanen,1
emggak,1
sdikit,1
cipkon,1
bener2nye,1
kebulan,1
mendsr,1
pencitraanmeikarta,1
kemarwn,1
milyarder,1
redbonssaverohingya,1
jha,1
srimulyani,1
cantikk,1
dgnakan,1
lider,1
disalh,1
becandain,1
remek,1
krumitan,1
brng,1
mngerjakan,1
sedanq,1
nunty,1
lahanjir,1
kutau,1
kehi,1
ungkit2,1
ngasik,1
ngentad,1
menggelagarkan,1
bersosmed,1
makan2,1
bikini2,1
keakehan,1
kakak2,1
hihihihi,1
takut2,1
kami2,1
kukenal,1
wkwkwkkw,1
detik2,1
sdang,1
aghh,1
ngelolosin,1
adatnye,1
sayank,1
seklh2,1
standup,1
local,1
syukrlah,1
protection,1
presid,1
mtf,1
emange,1
rendeman,1
classy,1
nerobos,1
berati,1
kalem2,1
jelekkin,1
dibnding,1
sayangghh,1
ketinggaln,1
muliahkanlah,1
bebrapa,1
siha,1
memil,1
mnggambarkan,1
yanga,1
bagmna,1
kaulahhh,1
diupgrade,1
sampe2,1
menimal,1
menfitnah,1
pkiklau,1
beza,1
terang2,1
r3jim,1
khsus,1
udaah,1
fantasan,1
sewajarny,1
anggota2,1
medsosnya,1
nelfon,1
berhub,1
syair2nya,1
nyadain,1
bahtiar,1
diskon2,1
se7,1
noerdin,1
korem,1
kedsmaian,1
baktang,1
ngecekin,1
mengoda,1
diingini,1
elakkan,1
cemilanku,1
mrmbuat,1
merit,1
komau,1
brati,1
nembak,1
diprovo,1
berabad2,1
munafiqun,1
digituin,1
bandingin,1
exist,1
indiehome,1
ngalir,1
ketebelece,1
meleduk,1
kerakter,1
brumob,1
rusuh2,1
janhkungan,1
kickoff,1
_klompok,1
wkwkwkwkwkwkk,1
pstikan,1
wrung,1
mmliki,1
fihak,1
mnggntung,1
mngakses,1
hkmnya,1
aqiqah,1
shaum,1
haditsnya,1
taqwa,1
jaringann,1
4jam,1
kpala,1
dlkukan,1
mndptkan,1
pnukaran,1
suka2,1
mncari,1
botul,1
indonesi,1
jadi2an,1
sesuatunya,1
heuheuheu,1
senng,1
dtukarkn,1
anty,1
sunggu,1
huruhara,1
esde,1
bolang,1
saram,1
jr,1
contekan,1
duduk2,1
kebbsan,1
bunggus,1
dengernya,1
kuposting,1
produktifitasnya,1
puisigus,1
membrikan,1
eslam,1
cz,1
dj,1
anime2,1
huu,1
tnp,1
kebangaan,1
kemarkn,1
didpt,1
hih,1
perutmya,1
didaerah,1
niikmat,1
cogant,1
biasa2,1
eletabilitas,1
nenurut,1
halaah,1
nisanjinan,1
temboke,1
antarabangsa,1
matrial,1
yuuuk,1
250juta,1
mhs,1
ditnh,1
smestinya,1
trjdi,1
abizz,1
waspadanya,1
ditungguin,1
pengembngan,1
allahuakbar,1
kidu,1
rudygoni,1
kunaon,1
wahabrer,1
lsng,1
ekeu,1
buahahaha,1
yey,1
jokowiradikal,1
tumbangkanjokowi,1
ongkir,1
salebtuit,1
twatter,1
mudo,1
wave,1
wahbrot,1
omputeh,1
gebukin,1
pertikai,1
dihina2,1
hongkok,1
neken,1
pinff,1
smswa,1
roudhatulkutub,1
lam,1
njiing,1
gtau,1
nukar,1
muliaty,1
sq,1
firman2,1
sarua,1
jerit2,1
sefamous,1
ddahului,1
jangn,1
skakmat,1
bgittu,1
lngkh,1
dalm,1
sembuh2,1
jilmek,1
ngenes,1
ayuh,1
manfaatin,1
cabutnobelsuukyi,1
ndakda,1
basah2an,1
opoo,1
kebijakam,1
dsbnya,1
kelab2,1
jaln,1
nyuciin,1
bpom,1
sring,1
dbodohi,1
bikhsu,1
hutang2,1
nyicil,1
rohingnya,1
padahall,1
prabowogagalmoveon,1
aish,1
kdepan,1
brharga,1
vn,1
eruh,1
lakuin,1
kabur2a,1
ngelanggar,1
80an,1
ohiya,1
fikiran,1
temp,1
temamenan,1
ibu2,1
alhamdulillahongkos,1
olang,1
keliyengan,1
kbakaran,1
kopanye,1
naroh,1
ngurut,1
layanin,1
musingin,1
huhuhu,1
apankah,1
peristiw,1
nyerem2in,1
monyet2nya,1
dicekel,1
june,1
botakin,1
sangenahna,1
ngmng,1
mnh,1
nempo,1
sulawasi,1
dienyek,1
kalik,1
aselik,1
gps,1
subeyers,1
tinjah,1
kharismatik,1
ngincer,1
penyalah,1
ur,1
nelponin,1
asbun,1
hihihi,1
dokter2,1
isue,1
ketempat,1
ngangkut,1
dokter2nya,1
heheehe,1
konsul,1
scars,1
visualnya,1
hrufny,1
unfairness,1
voice,1
ilah,1
hadeuhh,1
emprop,1
fie,1
patriotis,1
mbangun,1
dijelek2in,1
bantu2,1
yuhu,1
klantung,1
klontang,1
mangkannya,1
munyeng,1
maneh,1
dfd,1
krislam,1
praketik,1
maluiin,1
pengingkutnya,1
menyusahkn,1
aheryawan,1
taknak,1
sadrist,1
dikentu,1
unutk,1
pngndara,1
mngalami,1
sounding2,1
negeri2,1
bego2in,1
terspektakuler,1
asysyihaa,1
diulang2,1
penegakkan,1
dirubh,1
kawasn,1
didlm,1
ditetapkn,1
ngalus,1
tkng,1
beresiko,1
boongan,1
brasal,1
fantas,1
cp,1
ngetwitt,1
twins,1
brent,1
negarany,1
elekku,1
raseneng,1
dtgah,1
pkoknya,1
spanjang,1
yowis,1
rojak,1
pjalan,1
kga,1
aksinaga299,1
pinternya,1
gilaaaa,1
lebaranya,1
ngandalin,1
beraan,1
mvnya,1
singo,1
mendag,1
buzer,1
ktipu,1
nomornya,1
jangkakan,1
ssd,1
before,1
year,1
maximal,1
usage,1
setabak,1
gemana,1
nginep,1
okeoce,1
brjln,1
kemenko,1
videoin,1
treak2,1
lngsg,1
neko,1
mobilmotor,1
pertiwa,1
terjdi,1
cakada,1
pnddikan,1
reform,1
ngedip,1
langsg,1
dibohongin,1
sinbiy,1
selfi,1
ngrusuhin,1
putusin,1
brillian,1
diblkg,1
tetsesat,1
yua,1
saudaraan,1
gakhabispikir,1
mentei,1
dibangkitin,1
packing2,1
piramid2,1
ingatin,1
manjadi,1
taawudz,1
satlinmas,1
kornasjoin,1
satpol,1
wishnya,1
sovyet,1
sptr,1
screentimenya,1
tahtah,1
nurull,1
domba2,1
kurg,1
intetnal,1
hahahhaha,1
teta,1
gereja2,1
wehh,1
kel,1
jeles,1
silap2,1
ingak,1
disemua,1
ultrakanan,1
santamaria,1
prabocor,1
ecehh,1
mutuals,1
ntn,1
wqwq,1
rba,1
ngisi,1
kant,1
pikirqu,1
gakpernah,1
telibat,1
rakyak,1
specheslah,1
sempa,1
kentel,1
dstiap,1
munafikun,1
naah,1
ulamak,1
hurup,1
memekin,1
terupdate,1
colokkan,1
kepres,1
diperhatiin,1
tanp,1
qmu,1
sodakoh,1
mengadobsi,1
thaad,1
moon,1
rapiin,1
gakerasa,1
nakut2,1
woo,1
provokativ,1
bermaksiyat,1
dlsb,1
dirubah,1
bangetnih,1
syaret,1
kontolin,1
sifatnys,1
uga,1
yelah,1
notif,1
pagaralam,1
lalaki,1
dirakamkan,1
rushdie,1
sepertimana,1
diorang,1
nairn,1
seseorg,1
mengenakkan,1
imanx,1
nurunin,1
dietot,1
diprakirakan,1
ngacangin,1
nanggepin,1
temlen,1
tsbt,1
lebaranpresidenbaru,1
berperngaruh,1
foya2,1
kecekik,1
dterima,1
bkal,1
pkrja,1
bhwa,1
mngtkan,1
sbnyk,1
denger2,1
ngepal,1
diapusin,1
duluuu,1
ngejorokin,1
wuah,1
kebukti,1
ngarap,1
wakakkakkak,1
gemasatukata,1
staff,1
dahsyat2,1
imej,1
wasatiyah,1
lamany,1
maijen,1
izazah,1
mengunakan,1
distudio,1
tipiwan,1
prestasiny,1
tipi,1
yall,1
kebeehasilan,1
kacung2,1
ante,1
sukuran,1
atu,1
gubenur,1
asuan,1
kberagamn,1
mnyematkn,1
trsusun,1
slusap,1
padet,1
umpetin,1
toel2in,1
kopdit,1
muah2nya,1
bripka,1
berkali2,1
nyelempit,1
disela2,1
shalatjumat,1
wqwqwq,1
difensif,1
paksain,1
gaduhkarenaahok,1
banyk,1
ilang2an,1
hasian,1
mtk,1
ktka,1
segitu2,1
namani,1
pululan,1
shopping,1
bubarkangmbi,1
jokowor,1
pilih2,1
ssk,1
copotkapoldajabar,1
settingan,1
selamatkanulama,1
posing,1
mengexpose,1
ngulang,1
nohhai,1
mewaiskan,1
anjirrrr,1
dipersilahkan,1
menghampaskan,1
buku2,1
memposisikan,1
oran,1
hastag,1
mlintir,1
makhluk2,1
agalanya,1
diremes,1
senyama,1
gapain,1
gatal2,1
kupake,1
nasbung,1
13rb,1
lihut,1
lipia,1
dalemnya,1
underestimate,1
heboh2,1
claim,1
insidentil,1
instant,1
brgkali,1
hits,1
b2,1
rapihkan,1
assalammualaikum,1
goren,1
ditelpon,1
paporit,1
wkwkwkkwkw,1
presidentnya,1
sekolaan,1
partai2,1
tetel,1
aulyaa,1
kesinggung,1
vclip,1
ied,1
restuin,1
ndhog,1
hambok,1
morning,1
campur2,1
terbukt,1
berteriak2,1
muadzin,1
nawar,1
nyambungnya,1
dikeluarin,1
ngn,1
favourite,1
bgthu,1
khulafur,1
pmbelajaran,1
testimony,1
masukim,1
diutarain,1
schema,1
goblo,1
kbanyakan,1
kekayasa,1
tangkappengunggahchatmesum,1
seabadi,1
hooh,1
menstabilka,1
ngenal,1
tggi,1
persedian,1
brdoa,1
konco2nya,1
lengerkan,1
mudharat,1
sensitiviti,1
disekolahin,1
modusbanget,1
rusuhin,1
valik,1
pacare,1
sopo,1
millenials,1
gataw,1
swamsembada,1
muluskan,1
kekadang,1
jokowiend,1
mudharatnya,1
khanazah,1
wkk,1
rezimrepresifantiislam,1
kusiap,1
untan,1
adzanin,1
yahut,1
kgb,1
dialog2,1
hx,1
awsum,1
kewong,1
ybhg,1
roc,1
ceu,1
gomong,1
mmbuat,1
jolok2,1
drp,1
mentaliti,1
sundel,1
wahahahaha,1
aanjing,1
nangke,1
nemui,1
kiyayi,1
slengkapnya,1
kambtibmas,1
imbau,1
fkdm,1
lutim,1
dpercaya,1
tidakbb,1
manusie,1
6line,1
cengkraman,1
shrsnya,1
dilupain,1
ngladeni,1
dicroottin,1
yukk,1
dbwh,1
nyalah,1
kariawan,1
menangin,1
khawatirin,1
dibikinkan,1
galak2,1
rugiin,1
kuminta,1
nyok,1
tdnya,1
nembakin,1
ngacir,1
cuuyy,1
portoflio,1
dimarahinn,1
haqul,1
hak2nya,1
bathil,1
kontolnyaa,1
seger,1
mngembalikan,1
ditabayunin,1
mistake,1
maksudkn,1
tengok2,1
bukak,1
pegimane,1
tuamu,1
dicarin,1
plestina,1
dra,1
halagh,1
mnurut,1
gkjw,1
negati,1
ehak,1
nasgor,1
gabole,1
ajj,1
binluh,1
cantuk,1
omonga,1
maniax,1
ngetag,1
keturunan2,1
dibandara,1
akp,1
kamibersamapanglima,1
kpi,1
berdialogis,1
mnanti,1
economics,1
setujui,1
stereotipenya,1
invansi,1
pkai,1
wne,1
sedikir,1
jing,1
sangat2,1
yra,1
ngumpulnya,1
mrmang,1
mls2an,1
jng,1
pemimpim,1
gesek2an,1
kurang2in,1
ntab,1
yok,1
reklomasi,1
mempermain,1
sungailiat,1
istanakepresidenan,1
pfi,1
hailah,1
tanggung2,1
naiking,1
apelancau,1
kondisi2,1
dihalte,1
aminin,1
drpada,1
without,1
lanjjutkan,1
liberation,1
pelndung,1
15jt,1
kalak,1
feell,1
kempotin,1
searching,1
nurutin,1
lindes,1
diushakan,1
parbet,1
penjajh,1
kcil,1
10rb,1
3lauk10ribu,1
liad,1
maken,1
mbelek,1
dilabelin,1
tajil,1
mampos,1
nyemilnya,1
ngilang,1
mighty,1
morphin,1
bct,1
sarachen,1
agamax,1
sibayik,1
torehkan,1
dizholimi,1
biasay,1
dishare,1
senantias,1
gugel,1
dibubarin,1
kemashlahatan,1
restar,1
tepatin,1
bagia,1
ragweda,1
nuhun,1
kemagama,1
dipasihan,1
keliat,1
kilafah,1
20rb,1
bakaum,1
reportnya,1
surban,1
gataunya,1
antitesa,1
ngilangin,1
ngegabungin,1
isina,1
kieu,1
maksufnya,1
hahha,1
fkl,1
prakemerdekaan,1
megecam,1
kuhap,1
digentayangin,1
busuk2,1
nyolok,1
memberitau,1
nyekek,1
wajae,1
musarraf,1
tehadap,1
plhn,1
akur2,1
nomor2koruptor,1
brisek,1
nunjukkin,1
mugi,1
tumbangkn,1
dikobul,1
sleeves,1
wear,1
waspadapki,1
abis2,1
gerindong,1
yaola,1
mngangkat,1
pratyay,1
mukenya,1
likhok,1
klitnya,1
bengad,1
bangettt,1
sinareng,1
guwatel,1
sidoi,1
apamnya,1
kakiatan,1
sitante,1
pejarakan,1
merauk,1
success,1
_kepada,1
manash,1
kangge,1
henti2nya,1
gelapin,1
jhiahaha,1
seasem,1
ngeshare,1
muthmainah,1
hua,1
ngiranya,1
didumay,1
arut,1
ngelaporin,1
jemiran,1
opsisi,1
sebwah,1
nambah2,1
515ukm4w4t1,1
duch,1
amek,1
uae,1
prokorupt,1
sekarnag,1
apaaan,1
apaandah,1
solvability,1
useless,1
nukanya,1
dilati,1
langkah2,1
dimasalahkan,1
repeh,1
analisaku,1
mengintruksikan,1
finta,1
gubenue,1
ambisional,1
jupe,1
geleh,1
rumongso,1
sumingrah,1
berparti,1
sedeket,1
deui,1
koar2nya,1
waspadailah,1
komenannya,1
ngejadiin,1
bynk,1
yadong,1
ftho,1
meremat,1
tipinya,1
formnya,1
ngoroknya,1
madnor,1
hellow,1
genpi,1
gsnya,1
mantul,1
figura,1
janji2nya,1
maenin,1
coba2,1
ngumpet,1
sholaatu,1
menlu,1
anti2ny,1
dtahun,1
kimjiy,1
pantengin,1
kji,1
mulutx,1
kberdaan,1
besarx,1
prcaya,1
pencitraa,1
mndptkn,1
pmimpinnya,1
semakan,1
kdnk,1
krungu,1
kawan2,1
nyuit,1
satgi,1
akherat,1
dunyo,1
bejo,1
dahh,1
dinungo,1
bentukny,1
labih,1
gegadis,1
phobia,1
ginich,1
wkwkwkwkwkwkwkwkwkwkwk,1
genepin,1
mnghujat,1
brni,1
kthuan,1
mmbuktikan,1
klopun,1
bangeet,1
mamen,1
nonkrong,1
bahwasa,1
gamalu,1
ptpn,1
biasaaa,1
tkw,1
ngada2,1
menyak,1
iti,1
parleman,1
buli,1
doronguntuk,1
khbisan,1
stb,1
geje,1
dm2an,1
wkwwk,1
ngabisa,1
msyarakat,1
nyangkutnya,1
jentel,1
klompotan,1
megangin,1
nyapu,1
orgil,1
ditempatin,1
btl,1
kaun,1
dimples,1
terbagak,1
pbnu,1
menungso,1
spidermen,1
latepost24feb,1
tandjung,1
mano,1
menghrpkan,1
qn,1
moge,1
ngeroyok,1
lemparin,1
tau2nya,1
keceh,1
nyinggung,1
presidenabadi,1
tepay,1
ambulan,1
kudrat,1
ngeladeni,1
menggatikan,1
kuching,1
tuuu,1
ramasan,1
rauwisuwis,1
serahkn,1
lucu2,1
brli,1
pndkung,1
sdar,1
mka,1
pingn,1
expat,1
halny,1
hendropriyono,1
street1,1
graham,1
kpok,1
eventho,1
sepakati,1
independen,1
penfungsi,1
apkh,1
provikator,1
symphony,1
rakor,1
pmbangunan,1
jualin,1
flimnya,1
allaah,1
flim,1
beiringan,1
pngusung,1
ditvn,1
jilbob,1
kuraih,1
prshn,1
nggantiin,1
wkkwkwkwkw,1
jesus,1
tertaip,1
memilh,1
ketolong,1
sihab,1
mantapks,1
asyek,1
nanganin,1
dipamerin,1
wah2,1
natrep,1
raktat,1
typekal,1
negra,1
pinalti,1
croatia,1
kebanyakkan,1
bundir,1
atur2,1
idk,1
dikuliahin,1
ngrogoh,1
geni,1
sendir,1
balga,1
ancoor,1
bikos,1
ngawasin,1
obrolanpolitik,1
titipin,1
organic,1
membleh,1
sekelibet,1
pnjual,1
mmberi,1
taiiii,1
itung2,1
pelanggaan,1
senen,1
danibawa,1
ketepi,1
lucuuuu,1
capenya,1
20tahun,1
pbwibowo,1
sta,1
diphk,1
ngetok2,1
buwat,1
nngebah,1
ngegoblogan,1
ngebahas,1
samanya,1
beautiful,1
pergerakkan,1
thu,1
hahahahah,1
pengabungan,1
slga,1
isla,1
soleha,1
ngejauhin,1
bnget,1
sbgn,1
diributin,1
trsalurkan,1
fansnya,1
medekati,1
adzab,1
atribut2,1
niru2,1
talanted,1
pemimpimnya,1
brngsk,1
negeti,1
capernya,1
ntg,1
vid,1
keturnan,1
expansi,1
wakakakakakak,1
ditambah2i,1
soekarnoputri,1
pavilion,1
brti,1
ttindas,1
mrasa,1
mliat,1
stock,1
tacut,1
nyemil,1
nikahin,1
semaleman,1
marhain,1
ngedeketin,1
kalbar,1
buleh,1
bul,1
kaa,1
astagfiruloh,1
kebarat2an,1
tertylap,1
edotensei,1
lalin,1
ujungujung,1
shingga,1
sicepat,1
mencarin,1
komentarin,1
bantet,1
sesimple,1
skli,1
statust,1
nata,1
comunity,1
sotau,1
paspampres,1
bau2,1
mcu,1
dibank,1
ngeue,1
biasain,1
smgt,1
nyaranin,1
menalukan,1
ngedancenya,1
bebs,1
bgusan,1
ustd2,1
bukn,1
meluruskn,1
shrnya,1
cantiq,1
okesip,1
idupnya,1
ngupas,1
konfyus,1
sbisa,1
hanjer,1
nusantra,1
timtim,1
nganti,1
gil,1
osis,1
metu,1
eluh,1
dimaklumin,1
disipitin,1
prgi,1
asongan2,1
getih,1
lebih2,1
ngamen,1
ayoh,1
pulkada,1
jabodetabekpunjur,1
digusur2,1
uv,1
dool,1
brfikir,1
rebuan,1
donlot,1
direncanain,1
penterjemah,1
syria,1
qurra,1
brkedok,1
sabtuminggu,1
geleme,1
skalipun,1
wkwkwkkwkwkwwk,1
meried,1
wkakak,1
walaupon,1
hatstag,1
pghargaan,1
kesusksesan,1
keluagara,1
amblass,1
waw,1
cepetan,1
binatang2,1
kebangeten,1
breaking,1
pcr,1
diblng,1
dirp,1
paud,1
marbot,1
emut2,1
hloo,1
blon,1
kelan,1
ngajinya,1
mngkoreksi,1
mngkritisi,1
aktivisi,1
mniadi,1
trims,1
upss,1
nengok,1
sholah,1
gesek2,1
krnnya,1
nanak,1
aksi2,1
3tahun,1
terekpos,1
brekekekekek,1
construction,1
shortcut,1
nampilin,1
rmol,1
ngopinya,1
negisiasi,1
uyhgur,1
bengitu,1
tunjukilah,1
indons,1
gapleh,1
pnyebar,1
daerahdki,1
conth,1
goregan,1
mengembosi,1
lurd,1
sud,1
munaf,1
klonjotan,1
prsiden,1
begitupin,1
dpenuhi,1
krsten,1
nyerap,1
nha,1
incm,1
dantaranya,1
sjumlah,1
brsama,1
ngangkang,1
lanang,1
aduhhh,1
lieur,1
lnjt,1
selkulit,1
gblknya,1
trubus,1
kasus2,1
lagii,1
begimana,1
plos,1
memerdulikan,1
kbnyakan,1
temenya,1
inkulturisasi,1
sooman,1
dongoin,1
babihok,1
bertubi2,1
nmpk,1
pamerin,1
bzz,1
mnyebut,1
skt,1
inc,1
diwajibin,1
ngedm,1
ttntu,1
tkoh,1
mpromosikan,1
mnakuti,1
alohmubarbar,1
usep,1
stts,1
koment,1
kasoh,1
urg,1
adih,1
radicals,1
waketum,1
nunjuk2,1
ngegolin,1
dijakarta,1
yaudahlah,1
brnti,1
emutin,1
ketepu,1
vc,1
prinsip2,1
mapia,1
sedi,1
untrakyat,1
egataunye,1
pelmnye,1
tf,1
beut,1
ktua,1
imigrn,1
brdiri,1
gentlemen,1
hoaxs,1
smh,1
haa,1
mlipirnya,1
eloe,1
nyecerrnya,1
ngecap,1
gogle,1
heheh,1
berseri2,1
tindaklanjuti,1
woe,1
selamatkenhutan,1
diingatkn,1
akuu,1
terlaluh,1
boongin,1
dimalaysia,1
nikahkan,1
roman2nye,1
gempak,1
qishosjokowi,1
diomongin,1
merosakkan,1
kasn,1
cepat2,1
songsang,1
tolah,1
ngebayang,1
mnggunakan,1
lansia,1
dikipasin,1
troma,1
kepoin,1
henponku,1
mentah2,1
sigoblok,1
kenerja,1
malu2,1
guak,1
sedihhh,1
ngerto,1
minority,1
sarahah,1
tandingi,1
sebut2,1
skng,1
bhinneka,1
dipacking,1
memberikab,1
suply,1
pangeranya,1
ngefollowback,1
nyrocos,1
imanijer,1
khutbahnya,1
dmcin,1
rostchild,1
mesakno,1
hqq,1
mensen2,1
tahap2nya,1
yauda,1
lewatin,1
ebonk,1
thankful,1
hrp,1
sepata,1
bantuanx,1
ktika,1
kmi,1
banci2,1
dikususkan,1
ngatasi,1
tnh,1
dtrma,1
wjar,1
ateknya,1
sipenista,1
berkharisma,1
kalopun,1
tlng,1
alaikm,1
assalamu,1
dilaut,1
merentas,1
kebawa,1
imagenya,1
bertemen,1
fekaes,1
mlorot,1
buktikn,1
budisepang,1
dulu2,1
sekta,1
pertimbangan2,1
pilihan2,1
ituu,1
jatengnya,1
kecepat,1
bepe,1
terlait,1
cantik2,1
ekstrimis,1
apaapun,1
gass,1
dduga,1
jpu,1
stroke,1
sikap2,1
trendnya,1
getel,1
pajama,1
steitmen,1
makiin,1
seberat2nya,1
diancem,1
ngancem,1
menyelamatka,1
dzholimnya,1
ahhhh,1
sejahterahkan,1
budak2,1
bbrpx,1
jepitin,1
slain,1
ngefansnya,1
indomiah,1
fala,1
pem,1
nyap,1
mpo,1
adolexcent,1
wkwkwkwkwkwkwkwkkwkwkwkwkwkwkwkkw,1
ngerappnya,1
enaenain,1
brngkat,1
syaykhunaa,1
yubaarik,1
vote,1
prekonomian,1
tailand,1
trilyunan,1
exotic,1
memblow,1
apalag,1
gbisa,1
ngerumpi,1
kepentinga,1
tibe2,1
instructor,1
dimute,1
idolnya,1
dikedua,1
trakhir,1
typingnya,1
dikirain,1
menterjemahkan,1
barokah,1
kikituan,1
gituh,1
gmana,1
doer,1
kriput,1
ngliatnya,1
gkp,1
mgk,1
mbantu,1
kq,1
weslah,1
mentalita,1
ngejaga,1
darkside,1
gkps,1
ngeditnya,1
wohh,1
laktatullah,1
denngan,1
syukuran,1
diskrening,1
palibg,1
makaih,1
matlam,1
haei,1
yabg,1
alfatihah,1
tikus2,1
ekstrimisme,1
sabarrr,1
ikhlass,1
aipet,1
kebacut,1
75jt,1
smak,1
bercita2,1
perati,1
youu,1
thank,1
diamanin,1
prestasli,1
bls,1
ongkang2,1
yeee,1
ketangan,1
providernya,1
bucinnya,1
nyisain,1
property,1
mengkriminilisisi,1
fto,1
kirimn,1
cogan,1
yeyy,1
producer,1
jahh,1
zhengting,1
extrimis,1
guoblog,1
blegug,1
muhammadiyahinggris,1
isine,1
congornyapecah,1
disono,1
fkm,1
gebukpki,1
infrastru,1
manggil2,1
skillab,1
betopi,1
buhaerah,1
capeknya,1
kampret2,1
mbaca,1
mnfaatnya,1
milihh,1
realava,1
memg,1
namany,1
bejanggut,1
nyelesein,1
koorwil,1
sukarnoputri,1
sesek,1
paltiwest,1
gandoskui,1
ujin,1
kturunan,1
lancau,1
tariff,1
sudara2,1
mlik,1
teriakan2,1
memaksan,1
ortodox,1
nanges,1
tengahari,1
nyuri,1
appsi,1
sertijab,1
mup,1
dasadasar,1
reborn,1
foong,1
bacotin,1
pni,1
suuzon,1
kampanyein,1
newbie,1
sajaian,1
rayat,1
goodluck,1
pengumpylan,1
kemunaqikannya,1
disekte,1
poland,1
exodus,1
gaungin,1
harinua,1
baangg,1
rawa2,1
gakliatan,1
kotoe,1
monyet2,1
rasanyaa,1
mhalalkan,1
pungutin,1
wasite,1
truskan,1
leluhur2,1
kopindo,1
pmgang,1
mngerdilkan,1
sklgs,1
sdm,1
asuog,1
5katauntukhariini,1
belekuk,1
betol2,1
bodong2an,1
ngilmu,1
menayukuri,1
rot,1
ptun,1
direcokin,1
diperingatin,1
subu,1
mnrbitkan,1
mastiin,1
ngecek,1
remukan,1
aisyah,1
maok,1
mntan,1
alutsista,1
parabowo,1
omongin,1
diblock,1
ciptain,1
kencink,1
deg2an,1
waini,1
selametan,1
twiter,1
diewe,1
presiden2019,1
ingat2,1
ngewakilin,1
salahbsatu,1
grooup,1
paluu,1
outputnya,1
bangsa2,1
assets,1
indochina,1
megawatu,1
garagara,1
kampretos,1
nyenggol,1
membatalan,1
zuyle,1
disa,1
tomas,1
rssw,1
ecek2,1
sekertaris,1
demennya,1
dapurr,1
iklas,1
mamputetapi,1
tumbur,1
mauyang,1
progressive,1
uuhh,1
dicrotin,1
rinduyang,1
persoalan2,1
ambilin,1
berub,1
kofifah,1
apus,1
berbhinneka,1
mmpraktekkannya,1
dluu,1
dipenjaranya,1
mintain,1
politisi2,1
silvyy,1
lemabaga,1
mampuuss,1
debaynya,1
jbatan,1
kbinet,1
nyiarin,1
pokcoy,1
tntg,1
nega,1
pencurangan,1
marit,1
scptnya,1
gima,1
kenapasi,1
ngert,1
muter2,1
tukeran,1
mnghentikan,1
pergub,1
sontoloyer,1
pnts,1
jokowi2priode,1
khonghucu,1
mnjbat,1
tancep,1
ditampol,1
yagitu,1
cepetin,1
shalawat,1
kaanal,1
dikejar2,1
music,1
jatidiri,1
sehak,1
daiping,1
jgan,1
putus2,1
mouse,1
bgian,1
unem,1
cyn,1
mobel,1
mitnah,1
berhati2,1
yailaah,1
mepo,1
plesiden,1
report,1
lejen,1
ngarepin,1
thai,1
ukwah,1
akbp,1
nyalakan,1
sendirii,1
rukum,1
kantip,1
weru,1
permainin,1
briziek,1
cucok,1
incomenya,1
nemuin,1
kebany,1
ancurin,1
berabtad,1
kawe,1
coach,1
bekasisah,1
apaa,1
prabon,1
petinggi2,1
wajarla,1
maju2cuma,1
kampreet,1
kalian2,1
loee,1
dblg,1
pesen,1
sekola,1
inshaalaah,1
ooh,1
memmboost,1
pertanyaan2,1
diupi,1
dalang2nya,1
mongol,1
cuwit,1
cuwat,1
mngusir,1
suksreb,1
mdatangkan,1
genjer2,1
mnampakkan,1
hdpku,1
banterin,1
point2,1
diringkes,1
maenkan,1
warung2,1
lanjot,1
mana2,1
gue2,1
tweeter,1
toke2,1
kejual,1
buihh,1
anget2,1
busukmawati,1
gnpf,1
tsk,1
kaop,1
diceramahin,1
residence,1
sekurity,1
pikiran2,1
dipercayain,1
pendukung2,1
terurama,1
dibls,1
cecungung,1
dzalim,1
ngatai,1
ndabisa,1
akutu,1
liatkan,1
gejala2,1
makanan2,1
hasil2nya,1
sindroma,1
msg,1
sejahterakn,1
penelitian2,1
nervous,1
kzl,1
ukhti2,1
sgera,1
masdjid,1
ngada,1
zonkey,1
bnn,1
abiez,1
seriuus,1
ptfi,1
freport,1
ajak2,1
lhoh,1
hilikopternya,1
ngerih,1
sodaraan,1
narok,1
dimasyarakat,1
disepongin,1
mmang,1
kapirin,1
sdra,1
ngobarkan,1
didatengin,1
macik,1
tertanya,1
temanin,1
ngertinya,1
muahaha,1
apaalahh,1
groupnya,1
hadeeehhh,1
nerd,1
drmu,1
sndiri,1
syndrome,1
lepasni,1
kegiatan2,1
galfok,1
elaj,1
perbaiakan,1
vcs,1
ngorbanin,1
gimna,1
sok2,1
berhatap,1
kamutu,1
satri,1
bersilaturrahmi,1
ahahahahaha,1
ndayak,1
khusskn,1
paek,1
daddies,1
minions,1
kuatirkan,1
ancem2an,1
260jt,1
bknlah,1
ir,1
uteknya,1
ikuta,1
boikotprodukchina,1
fansboy,1
ngpain,1
ancuran,1
antabur,1
pngkhianat,1
njlentrek,1
ekosistim,1
barokalloh,1
aahh,1
bocahh,1
jahahaha,1
dgan,1
bank2,1
ri2,1
whahahaahaha,1
kulihat,1
ahli2,1
ferdinand,1
mksd,1
gercep,1
kobobrokan,1
seh,1
kera2,1
beruk2,1
sabrangkidul,1
nyetir,1
kongkalik,1
serienya,1
sabhara,1
ujuk2,1
nampang,1
tabayyun,1
jm,1
memaikan,1
ob,1
mogoladoh,1
klh,1
bagian2,1
ckck,1
gagahin,1
didlmnya,1
sel2,1
iman2,1
bembem,1
rosak,1
ngalor,1
slaahin,1
berkualiti,1
carsen,1
sesiapa,1
fiks,1
sayapnya,1
bhya,1
nyanggup,1
syaitu,1
mrip,1
kta,1
nenek2,1
slepet,1
backstage,1
biru2,1
eanjink,1
perutnye,1
nyantai2,1
banyok,1
dlmnya,1
prioriti,1
ngertilah,1
kary,1
drprd,1
ancur2,1
ujan2,1
angst,1
ori,1
gasih,1
ndunyo,1
kelar2,1
disama2kan,1
duuhh,1
makasi,1
hahahahahaahabababba,1
hahahahahaahahha,1
kenapaah,1
timeline2,1
event2,1
tweets,1
progran2,1
sudahq,1
brapa,1
pting,1
lengeserkan,1
ndoweh,1
praktekan,1
stronger,1
ngajuin,1
spertinya,1
aok,1
calonin,1
ptg,1
pkul,1
rabbikuma,1
ayooo,1
twet,1
dimanfaatin,1
kajakajakajakaja,1
pswat,1
zoon,1
terbg,1
kjri,1
semit,1
hengget,1
turun2,1
ditaroin,1
hahhahahaha,1
brb,1
cegan,1
kaitanny,1
hejaz,1
sektariannizrm,1
bcranya,1
kambink,1
segregation,1
bgmana,1
judulnye,1
upfoll,1
seekali,1
makanye,1
kapal2,1
preside,1
ngumbar,1
endasmu,1
jgdiimpor,1
jokowers,1
pintr,1
gajihnya,1
wengi,1
replyan,1
abubakar,1
kntitusi,1
ssuai,1
wlo,1
mmilih,1
ridhuan,1
sentilin,1
pcetar,1
seswe,1
gda,1
realitinya,1
wkwkk,1
udehh,1
cr,1
menhindar,1
qususi,1
past,1
sesetengah,1
prosntasi,1
produ,1
strengthnya,1
weaknessnya,1
membangunkankan,1
disebelah,1
logic,1
bngs,1
mklumin,1
jyjyk,1
russian,1
junjunan,1
ktimbang,1
bdya,1
seriusnyinyir,1
baligh,1
wkakakakaka,1
kvld,1
goblokin,1
tiap2,1
curut2,1
telurusi,1
wllh,1
bdaya,1
shegiya,1
kumpulin,1
berafliasi,1
menyanju,1
wartawan2,1
ausi,1
sangup,1
brasa,1
tnggi,1
twoshoot,1
kebhinnekaan,1
tentg,1
pusying,1
lawaq,1
antr,1
dkm,1
oxigen,1
adaa,1
mecah,1
exis,1
ngeyel,1
nyekolahin,1
aleksis,1
sedara,1
langsuh,1
yoj,1
samasekali,1
suroboyo,1
mngajarkan,1
bcs,1
aline,1
momentnya,1
bgtt,1
pecahin,1
kayah,1
cmpur,1
digreja,1
kampet,1
nuh,1
mbajingi,1
omsetnya,1
drmn,1
mmcah,1
ngiklanin,1
oom,1
tvshow,1
komnas,1
syial,1
populerb1,1
langend,1
sebb,1
isnus,1
drg,1
ngeliatnye,1
pastik,1
ambivient,1
hapenya,1
kurasa,1
disamain,1
disukain,1
garem,1
capee,1
pt20langgarkonstitusi,1
keppres,1
pidex,1
dijaj,1
ngekick,1
dawuh2,1
fadly,1
sari2,1
lkpp,1
konsekuensiny,1
playvictim,1
dimaui,1
manusya2,1
od,1
mewoh,1
pembataian,1
medsos2,1
misix,1
ngebagus2in,1
yangbagus,1
ditangkp,1
dramaahokdikriminalisasi,1
heppy,1
pemuteran,1
wasatiyat,1
bany,1
dawuh,1
wekekkeke,1
seksyen,1
mentionan,1
pmbngunan,1
otakny,1
adekku,1
slsai,1
rumahbelajarsianjurmulamula,1
esan,1
warbiasak,1
bngun,1
klah,1
ay,1
500an,1
ruas2,1
dunk,1
sling,1
rumor2,1
guoblok,1
proyek2,1
ttep,1
truss,1
rusunawa,1
sebekum,1
kehati,1
direzim,1
endorgan,1
nenyebalkan,1
unskilled,1
termasu,1
setuja,1
bahaha,1
jibriel,1
panwas,1
uddin,1
konglo,1
ngoahaha,1
diorganisasi,1
berikht,1
kbbi,1
kafeer,1
dholim,1
kembalikanahokkecipinang,1
gaksi,1
jokahok,1
kemarin2,1
pangkalpinang,1
gils,1
sembelehin,1
truz,1
spuas,1
nguntungin,1
tantik,1
mikir2,1
nyanyk,1
lagideh,1
ngedance,1
nguap,1
baliq,1
tegakan,1
ngeledekin,1
tokoh2,1
emyu,1
nyunsep,1
prbedaan,1
sikapi,1
mnghentak2,1
musik2,1
rebutan,1
dikotak,1
akhirx,1
kripik,1
iaa,1
dianjingin,1
nganjing2in,1
stopkriminalisasiulama,1
aneh2,1
mngkn,1
pemuda2,1
olim,1
muharram,1
petet,1
hemm,1
40an,1
viralin,1
hahahahhahaa,1
twitt,1
brekekekekekek,1
wkwkwkwkwkk,1
wkwkwkwkwwkwkwkwkwkwkwk,1
nyerobot,1
image,1
sodara2,1
lhkpn,1
gwelah,1
mlulu,1
pmpek,1
knjngi,1
didptkn,1
hrg,1
jande,1
bedoa,1
sandingkn,1
bangettttttt,1
sejelek2nya,1
croott,1
fansbase,1
hitle,1
masukulah,1
terusss,1
cocoklogi,1
chinese2nya,1
beca,1
prepres,1
bodoh2in,1
2th,1
menggenapka,1
fllwr,1
disebarin,1
komsumen,1
p3,1
insyaalloh,1
48g,1
nebarkan,1
yha,1
curcol,1
ridwal,1
pedea,1
kerna,1
ehem,1
dipantat,1
hayalan,1
sanggupi,1
menhub,1
sekali2,1
nyalonin,1
bataknese,1
diormas,1
nyelip,1
dpkir,1
winters,1
panteslah,1
idea,1
peduljkan,1
saik,1
gde,1
adaloh,1
ngelike,1
apan,1
jadu,1
kesalannya,1
walopun,1
krluarganya,1
kamvret,1
jaitan,1
palanye,1
jalanjalan,1
menguggat,1
ngataian,1
nulisin,1
dibangunin,1
pdkg2,1
anlisa,1
akrg,1
gambaq,1
moodnya,1
embel2nya,1
hshshshjsjs,1
klentit,1
sob,1
princes,1
ternakin,1
mcam,1
sindir2,1
lucuk,1
mengatas,1
gendero,1
nggowo,1
bajad,1
dianggsp,1
quranku,1
agung2in,1
dirasisin,1
dikampung,1
mh,1
pengalamanya,1
asdep,1
index,1
hasilkerjanya,1
lkpi,1
pecus,1
endog,1
muach,1
yawlah,1
fans2,1
diperasulit,1
berkahna,1
majuo,1
brrti,1
owq,1
memperbaikin,1
sediain,1
insom,1
kshan,1
gaess,1
duhh,1
smesco,1
shia,1
berguman,1
keliatannya,1
janganasem,1
ajakalah,1
mensiasati,1
turo,1
topup,1
kenape,1
lgy,1
klaw,1
dya,1
dlam,1
msyrakt,1
mndkti,1
ditegor,1
ngrokok,1
nggk,1
gimame,1
dpan,1
sekukerisme,1
fahami,1
lgkrn,1
menggerakan,1
mokondo,1
soale,1
cowo2,1
jebleh,1
gengen,1
nutupin,1
jajirah,1
ue,1
jualab,1
aromatics,1
fullbody,1
brunsur,1
sbut,1
dismain,1
kota2,1
brussels,1
slruh,1
mnyapu,1
vroh,1
sumpa,1
becanda,1
kahkahkah,1
insfrasruktur,1
bgsd,1
langs,1
membata,1
nyentuh,1
digrebek,1
kwkwkwkkw,1
takut2inya,1
pngkuan,1
nonaktifin,1
yahudii,1
bebisik,1
hadith,1
wal,1
ahlusunnah,1
almusawa,1
alhabib,1
momenum,1
dihadapai,1
jabatanya,1
dingertiin,1
username,1
selaen,1
kenceng2,1
switi,1
habi,1
diikutin,1
migraine,1
untung2an,1
ngrasain,1
cacimaki,1
sikapny,1
batre,1
kapindiang,1
menjelek2,1
ndut,1
tampakan,1
semakinhari,1
bleh,1
pngangkut,1
dselidiki,1
paaak,1
owalah,1
didragon,1
kedongoan,1
req,1
saari,1
pencapresan,1
nunggangin,1
seleb,1
setanalas,1
monastic,1
universiti2,1
logika2,1
genderowo,1
disebuah,1
kuper,1
pilgubdki,1
paslon3,1
injak2,1
bistu,1
allahyarham,1
minoriti,1
basically,1
dorg,1
kitchen,1
legeslatif,1
katulistiwa,1
ksl,1
assimilate,1
menasehati,1
wkwkwkwwkwk,1
pilosofi,1
ugal2an,1
nanya2,1
kepingin,1
diapusi,1
sakjane,1
bbrapa,1
ribu2,1
nambang,1
congrats,1
haqq,1
ngeladenin,1
sihar,1
slrh,1
lkkn,1
terkedu,1
rasioanal,1
jeksen,1
pampir,1
penjilat2,1
juha,1
aelaah,1
kekiri,1
misqin,1
maapin,1
becakap,1
trumph,1
kpud,1
because,1
playing,1
urusn,1
hirukpikuk,1
spj,1
ngeper,1
selanjuttnya,1
drivernya,1
ekong,1
mmberantas,1
nangislaj,1
anak2ku,1
kosentrasi,1
cocotnx,1
sanjung2,1
damaidaricirebon,1
wakakakaka,1
lpngan,1
prsamaan,1
bnp2tki,1
fulang,1
rizik,1
waduhh,1
ayohbangsa,1
pawanf,1
kusus,1
contoilah,1
jkt58,1
bereukumene,1
giat2nya,1
nuntut,1
terlaru,1
tidk,1
geopolitk,1
openfollow,1
wel,1
snek,1
ditanah,1
giveup,1
ngganti,1
maren,1
pinginnya,1
mampet,1
ngtweet,1
hotels,1
daah,1
yant,1
skaligus,1
sush,1
blas,1
papahnya,1
turnament,1
yal,1
taxi,1
iseng2,1
ngerokin,1
pmain,1
sbar,1
percitraan,1
prasaanku,1
bangsat2in,1
bagaiamana,1
ditangkapin,1
pengerok,1
wat,1
wkwkkwk,1
mrngakui,1
baidab,1
tumpakke,1
karana,1
gerakkn,1
sehi,1
label2,1
ashar,1
nulisnya,1
finah,1
tukag,1
jasat,1
nemen,1
guobloge,1
tuntuna,1
dngn,1
nyantai,1
dikarang,1
moodboster,1
hrd,1
abam,1
okt,1
ush,1
mohamad,1
raub,1
tgur,1
yui,1
aamin,1
pluralism,1
stalking2,1
kibulin,1
same,1
wapresnya,1
memelih,1
ngebacanya,1
penginderaan,1
giting,1
bhahahahahahaa,1
taj,1
ngejer,1
setim,1
kpr,1
ngebokep,1
gaweannya,1
bsn,1
dibatas,1
mnghapus,1
wkwkwkwkwkkw,1
natap,1
bangunin,1
hauahahaha,1
30s,1
campaign,1
asik2,1
sidogirimedia,1
jka,1
taufiq,1
buroq,1
perancis,1
menaker,1
bocah2,1
ngerjain,1
yutuber,1
kawen,1
ngeteh,1
diemlu,1
dihianati,1
mnyusahkanmu,1
mngapa,1
plantaran,1
pelangganya,1
ayak2,1
sparatis,1
itunganya,1
sich,1
pisann,1
jem,1
keren2,1
belagunya,1
butuhan,1
ntral,1
pliss,1
calculus,1
kgn,1
thionghoa,1
sedulur2,1
visit,1
slek,1
tweet2,1
klao,1
dinamani,1
jakut,1
bte,1
majikanya,1
kalteng,1
gratisss,1
sekaliaan,1
nyerbu,1
tercyduk,1
bloonnya,1
apaansi,1
wkw,1
trending,1
bka,1
ska,1
mesoom,1
piral,1
kiapa,1
arabislam,1
liberalism,1
dimintain,1
sibabi,1
langsng,1
pbsi,1
shrs,1
pelatnas,1
menuh2in,1
mekah,1
buraq,1
kpntngn,1
ngebenerin,1
jatoh,1
malesin,1
mkne,1
pembaziran,1
ngasal,1
ngelidur,1
bimas,1
jongon2,1
sikahkan,1
unpub,1
freemasonry,1
salafism,1
wahabism,1
bilank,1
intelejen,1
seitansai,1
poetri,1
dibalikin,1
dbilang,1
rsup,1
nyuapin,1
borot,1
saudra,1
hdupmu,1
dibikinin,1
ngantar,1
antrian,1
bangsatdi,1
cerita2,1
doktrin2,1
kudikasi,1
oborrakyat,1
waiters,1
skskkajanx,1
menafairkan,1
facta,1
muhkamat,1
masup,1
bcahaya,1
malh,1
notabane,1
sidoharjo,1
jakartakece,1
wadaw,1
theorikal,1
kumulativ,1
ngamukan,1
pimred,1
okezonenews,1
toe,1
gbung,1
cembilan,1
sdng,1
bnr2,1
menghinan,1
lempar2in,1
lempar2,1
eheh,1
keproannya,1
walupun,1
namapon,1
orangbyg,1
pengetahuannyanoleh,1
kmarin,1
mlembabkn,1
unch,1
messy,1
kalahin,1
babangnya,1
alang2,1
eug,1
perna,1
seblm,1
ordebaru,1
dikolong,1
dicengkram,1
benzen,1
kimor,1
ngembat,1
naekin,1
wkwkwkwkwkkwkwkw,1
tercydux,1
terxium,1
ngobatin,1
setorang,1
menegakan,1
bpknyalah,1
mlpakn,1
perlahan2,1
harinini,1
uenak,1
pantesnya,1
benerpun,1
apalgi,1
pengakhiranya,1
aer,1
gagalpaham,1
aksibelaislan,1
lamalama,1
tranksaksi,1
pembicaran,1
huchu,1
digereja,1
mompas,1
hatters,1
kw3,1
sholatin,1
disholatin,1
mncuci,1
brupaya,1
sekrng,1
bangad,1
tidaknya,1
sifit,1
mripate,1
dibocorin,1
kayanua,1
rbu,1
nyamperin,1
dwaspadai,1
nyampek,1
beer,1
pabumnews,1
panasbumi,1
gakusah,1
ikr,1
kuncixa,1
peramg,1
sumpahin,1
berenti,1
gelem,1
dngerin,1
ilcpki,1
smburdul,1
lht,1
anggotany,1
teriakkan,1
ajaran2,1
bareskrim,1
ebih,1
pilihanya,1
surat2nya,1
nyodorin,1
hdpnya,1
ips,1
matapelajaran,1
dtng,1
pungli,1
nggonggong,1
horror,1
dprdnya,1
smirk,1
goblik,1
superketat,1
kwwkwkwkwkwkwkwkkw,1
jujur2,1
yaiyalah,1
dikamar,1
yegak,1
solehah,1
cari2,1
budeh,1
bouksid,1
menuhin,1
tahey,1
frezzer,1
sachet,1
saracaen,1
selaw,1
sgpore,1
kpop2,1
barat2,1
dimaini,1
sbutan2,1
sbutkan,1
kta2,1
egp,1
mlu,1
maslah,1
wkwkwkwkwkwkwkwk,1
kmrin2,1
sisa2,1
ijinin,1
kusayang,1
wadidaw,1
hampyr,1
muluz,1
kecmatan,1
kadin,1
sbagaimana,1
qias,1
dkuburan,1
sering2,1
glam,1
tabligh,1
psl,1
nyimpulin,1
masjid2,1
twitwor,1
zar,1
pimensiv,1
gaush,1
kampnye,1
ust2,1
kasis,1
belokin,1
tuker,1
setan2,1
mgerasa,1
homme,1
nambahin,1
dsusul,1
iseh,1
kalao,1
bokef,1
angetin,1
stail,1
oia,1
que,1
kanggo,1
assassinations,1
cepetlah,1
bgtxx,1
pandji,1
kejagung,1
persepsi2,1
haruss,1
mnerima,1
kualisi,1
colmek,1
renpel,1
teus,1
jangnlan,1
isih,1
ngijolno,1
koyoke,1
macete,1
nemplok,1
senang2,1
murid2,1
ingris,1
wamil,1
ngidupin,1
halang2,1
ucril,1
hangeng,1
heechul,1
julukin,1
2019jokowiend,1
mngetahui,1
giladong,1
cimohay,1
ngerangkap,1
baggona,1
kekandang,1
kekebun,1
yawdah,1
gilakan,1
ksihan,1
syaitonn,1
anakk,1
ngambang,1
slmt,1
kodim,1
muspida,1
sampin,1
nyimpen,1
internesyenel,1
sebenranya,1
wawancarain,1
ngundang,1
assasin,1
jebule,1
sebenarx,1
blkgnya,1
tbela,1
akk,1
bnd,1
makax,1
bpak,1
mmberikan,1
krena,1
hapa,1
nyenengke,1
dtuduh,1
rohingyang,1
ucpn,1
menngacu,1
nganutnya,1
langsug,1
minorutas,1
alayy,1
ngalahi,1
nyah,1
seharusna,1
ngejahit,1
adatuh,1
semangkin,1
pendajal,1
sempet2nya,1
pandangn,1
bijimana,1
oraang,1
holkay,1
munafikk,1
kaum2,1
dsnajib,1
nyenengin,1
kwi,1
penghianatan,1
kursus2,1
aggaran,1
ngeimajinasiin,1
mengera,1
merhatiin,1
pilem,1
merah2,1
soplak,1
ngrebut,1
seberulnya,1
berstatement,1
disimpang,1
nago,1
rato,1
mrnghancurkan,1
tamparin,1
entr,1
milyaran,1
kedubes,1
esdegan,1
dicepetin,1
presidens,1
org2nya,1
bela2,1
blk,1
disadarin,1
gasadar,1
palagi,1
injek2,1
ngejek,1
ucink,1
nerka,1
sepotong2,1
romen,1
woyy,1
tengkar2,1
mensip,1
penangulangi,1
tembluk,1
caya,1
sahabah,1
pkpi,1
bawaslu,1
tjd,1
nanggep,1
dihebohin,1
ckakakakak,1
cewe2,1
pwt,1
tinggl,1
syaikhu,1
sweping,1
apasalahnya,1
masjarakat,1
kejar2an,1
dimeki,1
milenia,1
kps,1
48km,1
mengandun,1
jawatimur,1
duabelas,1
sjafruddin,1
tpf,1
lagu2nya,1
sabangmerauke,1
mandiin,1
terngiang2,1
wkwks,1
tinggalin,1
syarwan,1
menyenan,1
lengkapin,1
block2,1
kampretzz,1
updating,1
pref,1
russia,1
presuden,1
ukhti,1
district9,1
ngalam,1
dilayan,1
klean,1
berkepntingan,1
okb,1
skali,1
dungu2periode,1
diprotect,1
lads,1
wait,1
saikho,1
procina,1
isiu,1
kudune,1
salami,1
betmen,1
kumalu,1
artiny,1
gerombolam,1
gasii,1
kitakita,1
bgd,1
dasr,1
kusebut,1
jaaman,1
sif,1
satu2,1
muna,1
berendem,1
wwkkw,1
perusahaan2,1
big,1
adh,1
turkey,1
beuh,1
ndelok,1
indust,1
nyanyok,1
terkhir,1
lma,1
stabilkan,1
terzolimi,1
trbaik,1
kecebong2,1
fahum,1
belangsak,1
aparat2,1
jnhan,1
badut2,1
hadeehh,1
andalin,1
blejetin,1
elunya,1
spg,1
bbmlistrik,1
kerja3x,1
baag,1
hanyo,1
amak,1
dipaelokan,1
tanyo,1
henset,1
disisa,1
ilfil,1
wayahe,1
asesoris,1
najiss,1
dhla,1
hdapan,1
pkibukanindonesia,1
stocknya,1
ajakin,1
jelekin,1
nataal,1
nyekolahkan,1
oknum2,1
nantang,1
ngelawan,1
separoh,1
asibg,1
stoke,1
nyatane,1
blt,1
menafikkan,1
tanahekan,1
walaipun,1
vocal,1
puja2,1
mlarang,1
kpai,1
mesih,1
ramai2,1
dosadosa,1
triliyun,1
sebarluaskan,1
sebelumndi,1
ngemot,1
worldcup2018,1
nego,1
empathy,1
engap,1
stu,1
kedzholiman,1
yakan,1
seingetku,1
idolku,1
sigunakan,1
emotion,1
diparkirin,1
ngambil2,1
ambil2,1
oppaa,1
diizabah,1
reti,1
walaahh,1
ylhbi,1
ulama2an,1
pndptn,1
importir2,1
prilaku,1
ceritany,1
wiig,1
ngeroko,1
adilan,1
dpmptsp,1
national,1
kafirin,1
dimedan,1
bukann,1
melecekan,1
republic,1
atheist,1
goyang2,1
terpropokasi,1
njir,1
didengerin,1
sko,1
gombel,1
ngertikan,1
met,1
kmp,1
jokowok,1
gadeng,1
musuhi,1
barang2,1
buktiin,1
fuggin,1
sekarang2,1
ngata2innya,1
bohongin,1
oohh,1
ats,1
jalok,1
rag,1
dadio,1
ngobrolin,1
sabodo,1
yooa,1
musuhan,1
ditanggepi,1
menjungjung,1
gta,1
gemeter,1
musikan,1
dibicarain,1
olehkerana,1
tolakperppuotoriter,1
7th,1
kesekolah,1
mry,1
teruta,1
bosok,1
njilat,1
bandara2,1
enga,1
dikuatirkan,1
kuharapkan,1
jiamput,1
venue,1
progresi,1
uts,1
inosen,1
semacem,1
kahwinkanlah,1
mndirikan,1
koramil,1
anggotadpr,1
nyoblos,1
16gb,1
pendrive,1
kotornyaa,1
jorok2,1
kbur,1
smaa,1
ibf,1
saha,1
nyewa,1
bukber,1
gaweni,1
dimonas,1
ditangang,1
terpukaukaukau,1
yaaelah,1
mnghalangi,1
pacarin,1
plenjus,1
plenjas,1
napiternya,1
podusen,1
glojotan,1
prkataan,1
yailah,1
htrz,1
walter,1
ahlikul,1
rauff,1
walkout,1
harinibpuasa,1
wanna,1
kating,1
motogp,1
daerah2,1
njarah,1
klm,1
apaka,1
smp2019,1
kepungistana,1
daleman,1
pannel,1
exorcism,1
disepakbola,1
focus,1
jahudi,1
papamintaketuafraksi,1
history,1
pitnah,1
sejabar,1
blocked,1
engaku,1
blabla,1
mey,1
ngebuang,1
unfol,1
umoh,1
kantong2,1
tolakperppuantiislam,1
penjajah2,1
mangkrakin,1
alalala,1
peroyek2,1
soudara,1
menteri2,1
konco2,1
beberes,1
nyicip,1
sue,1
intinye,1
duit2,1
sekjenya,1
perek2,1
sicario,1
dukung2,1
298m,1
ikm,1
sati,1
dibelain,1
bediuzzama,1
pertamakalinya,1
pelaku2nya,1
knal,1
bgts,1
anjinxx,1
dihh,1
berhnti,1
didownload,1
peling,1
tercover,1
ngomporin,1
puasin,1
gadu,1
polman,1
kedaikopi,1
menakut2i,1
skaa,1
kepake,1
lunaa,1
rafen,1
dilanti,1
fantastic,1
bermnfaat,1
nagih,1
cringey,1
baca2in,1
gakl,1
kembalika,1
pansbung,1
mngusik,1
peepanjang,1
takan,1
pembrantasan,1
takbirallauakbar,1
hantayudha,1
type,1
aniessndi,1
bersm,1
busukk,1
erau,1
wagubku,1
medsosan,1
mutas,1
ktw,1
diracuni,1
renfah,1
oantas,1
porut,1
pekaos,1
liyo,1
two,1
ambleg,1
mampuy,1
ngitungnya,1
aagym,1
sambel,1
wgl,1
ngerettwet,1
soulmatenya,1
seblum,1
perusahaany,1
hee,1
bca,1
diingatin,1
ndda,1
kene,1
lame,1
rollercoaster,1
tetibaan,1
stray,1
nyelem,1
klit,1
kedalem,1
tngan,1
selipin,1
4d,1
satuu,1
hightop,1
bigfloo,1
hekell,1
naahh,1
mantaaap,1
dolo,1
tiori,1
nahloh,1
smntarany,1
stereotif,1
oc,1
fanfic,1
blgnya,1
berite,1
wagakbener,1
seragamnye,1
clasic,1
menisbatkan,1
sekedarnya,1
berit,1
pollower,1
ngelantur,1
nntonin,1
ternyataa,1
kempot2,1
pengkaderan,1
pengawean,1
bawah2,1
buang2,1
statemen,1
whatever,1
liatnye,1
pulang2,1
cetan,1
yutub,1
jbjbnya,1
upgrade,1
anggep,1
posting2,1
konslet,1
jilet,1
benget,1
yanag,1
somin,1
noer,1
muncungnya,1
amaroso,1
simakrama,1
disenyumin,1
mz2,1
mz,1
udzur,1
transpuan,1
asek,1
bongsay,1
okut,1
baahahahahahahahahhahah,1
hahahahhaa,1
astagaa,1
pinn,1
mengatainya,1
syihab,1
cumi2,1
kliru,1
mrsm,1
positive,1
kelansungan,1
bertentagan,1
nolak,1
sruput,1
masalalunya,1
hgg,1
aarze,1
woh,1
saleem,1
rukn,1
pemimpindarimasjid,1
ngehinanya,1
kecebobg,1
grombolanya,1
dilanrang,1
rymizard,1
diputer,1
perbezaan,1
spiderman,1
giti,1
almaidah51,1
jasmev,1
kesemsem,1
nyata2,1
norak2,1
belepotan,1
ngajix,1
hbungannya,1
sosayeti,1
peribadi,1
garuk2,1
seakan2,1
azas,1
cakimin,1
tersa,1
gantipreisden,1
orangutan,1
digedein,1
msi,1
beres2,1
alkafirun,1
kaye,1
tambain,1
katanye,1
kepengenan,1
babeh,1
wakaq,1
kelakukan,1
taipan2,1
uwoy,1
tidah,1
ekspresiny,1
leadny,1
aktingny,1
okay,1
ples,1
10k,1
wkwkwkwkwkwkwk,1
emgnya,1
pdagang,1
nistakan,1
kjdian,1
jarot,1
ngarang,1
guaa,1
ingg,1
artine,1
sipitan,1
whuahahahah,1
onyol,1
moel,1
ngakakakakaka,1
picrk,1
besok2,1
eo,1
berulang2,1
kegoblokkan,1
tiga2,1
kolej,1
seriously,1
pare2,1
mjln,1
grgr,1
alhamdullilah,1
pendukug,1
keloman,1
bible,1
qty,1
extrac,1
olahan,1
gaes,1
sekrang,1
qu,1
kompliy,1
mensucikan,1
dzat,1
ketaqwaan,1
jls,1
nguakak,1
anjyr,1
salalu,1
berbondong2,1
centra2,1
krt,1
nsib,1
mpu,1
dipukulin,1
gitu2,1
mnyudutkan,1
ahoq,1
pngertian,1
bikinan,1
kacamat,1
bhahahaha,1
trtentu,1
jumatberkah,1
bangkitin,1
nyusun,1
brpkir,1
apdet,1
anget,1
ayashiyan,1
intshar,1
ameen,1
tmhain,1
hy,1
urani,1
dharna,1
kbhi,1
yahodi,1
tunjukin,1
nahin,1
manhos,1
astaghfar,1
digambarin,1
asoy,1
ocehinn,1
jam2,1
phelana,1
ngayah,1
ngatasin,1
bagaimna,1
4tahun,1
saenaknya,1
tambahin,1
pelcija,1
ncib,1
tugas2,1
dengn,1
diberitain,1
prukades,1
danain,1
istimroriah,1
dann,1
pebih,1
wenangan,1
umr,1
terselamatan,1
tkatkan,1
lrt,1
sikda,1
lsung,1
nongkrongi,1
maki2,1
perlombongan,1
terjejas,1
adeuhh,1
mengitung,1
ksni,1
dibecandain,1
blendung,1
nyadarnya,1
aksimaksa,1
kantaibanget,1
alasanbikinaksi,1
fantasiin,1
dapa,1
prayforrohingya,1
dibumi,1
gendheng,1
brkoalisi,1
lwn,1
cool2,1
mengusak,1
kupikir,1
gajadi,1
ianya,1
ombusman,1
ombusmin,1
kmaren,1
keak,1
saumur,1
moh,1
initi,1
sagala,1
ges,1
geh,1
leutik,1
sababaraha,1
mskipun,1
brwajah,1
prnampilan,1
lahsi,1
obrolin,1
abah,1
nancepin,1
selesei,1
cepet2an,1
namo,1
duluin,1
rhu,1
amitamit,1
tingkatin,1
komen2mu,1
diobok2,1
digundrung,1
uupa,1
lembaga2,1
plg,1
pokoknyah,1
dkasih,1
apkah,1
akutansi,1
terdkt,1
specific,1
kabor,1
presidenya,1
pecuh,1
setelahnya,1
didasrkan,1
shahih,1
trkdg,1
fck,1
watching,1
horee,1
tehrani,1
trmasuk,1
bikan,1
cape2,1
sekate2,1
